/*!40101 SET @OLD_CHARACTER_SET_CLIENT=@@CHARACTER_SET_CLIENT */;
/*!40101 SET NAMES utf8 */;
/*!50503 SET NAMES utf8mb4 */;
/*!40014 SET @OLD_FOREIGN_KEY_CHECKS=@@FOREIGN_KEY_CHECKS, FOREIGN_KEY_CHECKS=0 */;
/*!40101 SET @OLD_SQL_MODE=@@SQL_MODE, SQL_MODE='NO_AUTO_VALUE_ON_ZERO' */;

CREATE DATABASE IF NOT EXISTS `rdbsmsdev` /*!40100 DEFAULT CHARACTER SET utf8mb4 */;
USE `rdbsmsdev`;

CREATE TABLE IF NOT EXISTS `common_passwordparam` (
  `PARAMCODE` varchar(16) NOT NULL,
  `DESCRIPTION` varchar(64) DEFAULT NULL,
  `UNIT` varchar(16) DEFAULT NULL,
  PRIMARY KEY (`PARAMCODE`)
) ENGINE=InnoDB DEFAULT CHARSET=latin1;

/*!40000 ALTER TABLE `common_passwordparam` DISABLE KEYS */;
INSERT INTO `common_passwordparam` (`PARAMCODE`, `DESCRIPTION`, `UNIT`) VALUES
	('IDLEXP', 'Idle Account Expiry Period', 'Day(s)'),
	('INLATT', 'No of Invalid Login Attempts', 'Attempt(s)'),
	('NOHPWD', 'No of History Password', 'Count'),
	('PASEXP', 'Password Expiy Period', 'Day(s)'),
	('PWEXNP', 'Password Expiry Notification Period', 'Day(s)');
/*!40000 ALTER TABLE `common_passwordparam` ENABLE KEYS */;

CREATE TABLE IF NOT EXISTS `deliverystatus` (
  `STATUSCODE` varchar(20) NOT NULL,
  `DESCRIPTION` varchar(100) DEFAULT NULL,
  PRIMARY KEY (`STATUSCODE`)
) ENGINE=InnoDB DEFAULT CHARSET=latin1;

/*!40000 ALTER TABLE `deliverystatus` DISABLE KEYS */;
INSERT INTO `deliverystatus` (`STATUSCODE`, `DESCRIPTION`) VALUES
	('DELIVRD', 'Delivered'),
	('EXPIRED', 'Expired'),
	('REJECTD', 'Rejected'),
	('UNDELIVERABLE', 'Undeliverable'),
	('UNKNOWN', 'Unknown');
/*!40000 ALTER TABLE `deliverystatus` ENABLE KEYS */;

CREATE TABLE IF NOT EXISTS `passwordparam` (
  `PASSWORDPARAM` varchar(16) NOT NULL,
  `USERROLETYPE` varchar(16) NOT NULL,
  `VALUE` varchar(16) DEFAULT NULL,
  `CREATEDTIME` datetime DEFAULT current_timestamp(),
  `LASTUPDATEDTIME` datetime DEFAULT current_timestamp(),
  `LASTUPDATEDUSER` varchar(64) DEFAULT NULL,
  PRIMARY KEY (`PASSWORDPARAM`,`USERROLETYPE`),
  KEY `PASSWORDPARAM_FK2` (`USERROLETYPE`),
  CONSTRAINT `PASSWORDPARAM_FK1` FOREIGN KEY (`PASSWORDPARAM`) REFERENCES `common_passwordparam` (`PARAMCODE`),
  CONSTRAINT `PASSWORDPARAM_FK2` FOREIGN KEY (`USERROLETYPE`) REFERENCES `userroletype` (`USERROLETYPECODE`)
) ENGINE=InnoDB DEFAULT CHARSET=latin1;

/*!40000 ALTER TABLE `passwordparam` DISABLE KEYS */;
INSERT INTO `passwordparam` (`PASSWORDPARAM`, `USERROLETYPE`, `VALUE`, `CREATEDTIME`, `LASTUPDATEDTIME`, `LASTUPDATEDUSER`) VALUES
	('IDLEXP', 'WEB', '5', '2021-01-13 00:00:00', '2021-01-13 00:00:00', 'admin'),
	('INLATT', 'WEB', '3', '2021-01-13 00:00:00', '2021-01-13 00:00:00', 'admin'),
	('NOHPWD', 'WEB', '2', '2021-01-13 00:00:00', '2021-01-13 00:00:00', 'admin'),
	('PASEXP', 'WEB', '3', '2021-01-13 00:00:00', '2021-01-13 00:00:00', 'admin'),
	('PWEXNP', 'WEB', '10', '2021-01-13 00:00:00', '2021-01-13 00:00:00', 'admin');
/*!40000 ALTER TABLE `passwordparam` ENABLE KEYS */;

CREATE TABLE IF NOT EXISTS `reg_spare_parts` (
  `id` int(11) NOT NULL AUTO_INCREMENT,
  `spair_part_req_id` varchar(50) DEFAULT NULL,
  `spair_part_name` varchar(50) DEFAULT NULL,
  `qty` int(11) DEFAULT NULL,
  `supplier_id` varchar(50) DEFAULT NULL,
  PRIMARY KEY (`id`)
) ENGINE=InnoDB DEFAULT CHARSET=utf8mb4;

/*!40000 ALTER TABLE `reg_spare_parts` DISABLE KEYS */;
/*!40000 ALTER TABLE `reg_spare_parts` ENABLE KEYS */;

CREATE TABLE IF NOT EXISTS `reg_supplier` (
  `supplier_code` varchar(15) NOT NULL,
  `supplier_name` varchar(50) DEFAULT NULL,
  `supplier_phone` varchar(15) DEFAULT NULL,
  `supplier_email` varchar(200) DEFAULT NULL,
  `supplier_address` varchar(200) DEFAULT NULL,
  `status` varchar(10) DEFAULT NULL,
  `lastupdateduser` varchar(50) DEFAULT NULL,
  `lastupdatedtime` datetime DEFAULT NULL,
  `createduser` varchar(50) DEFAULT NULL,
  `createdtime` datetime DEFAULT NULL,
  PRIMARY KEY (`supplier_code`)
) ENGINE=InnoDB DEFAULT CHARSET=utf8mb4;

/*!40000 ALTER TABLE `reg_supplier` DISABLE KEYS */;
INSERT INTO `reg_supplier` (`supplier_code`, `supplier_name`, `supplier_phone`, `supplier_email`, `supplier_address`, `status`, `lastupdateduser`, `lastupdatedtime`, `createduser`, `createdtime`) VALUES
	('SUP-16562644670', 'WWW', '3244', 'adasdsdf', 'asdasdas', 'ACT', 'dilanka', '2022-06-26 22:57:47', 'dilanka', '2022-06-26 22:57:47'),
	('SUP-16562730368', 'Tank Mas', '78675356', 'sddsf@ds', 'Queensla', 'ACT', 'dilanka', '2022-06-27 01:20:36', 'dilanka', '2022-06-27 01:20:36'),
	('SUP-16562738117', 'BodyKit', '90536743', 'body@k.i', 'Roland', 'ACT', 'dilanka', '2022-06-27 01:33:31', 'dilanka', '2022-06-27 01:33:31'),
	('SUP1656', 'Light Yearss', '91871231', 'info@lightyear.com', 'Rockhampton', 'ACT', 'dilanka', '2022-06-27 09:05:48', 'jayana', '2022-06-26 22:57:11');
/*!40000 ALTER TABLE `reg_supplier` ENABLE KEYS */;

CREATE TABLE IF NOT EXISTS `reg_warrantyclaim` (
  `id` int(11) NOT NULL AUTO_INCREMENT,
  `chassis` varchar(50) DEFAULT NULL COMMENT 'Chassis Number',
  `model` varchar(50) DEFAULT NULL COMMENT 'Model',
  `first_name` varchar(50) DEFAULT NULL COMMENT 'First Name',
  `last_name` varchar(50) DEFAULT NULL COMMENT 'Last Name',
  `phone` varchar(50) DEFAULT NULL COMMENT 'Phone Number',
  `email` varchar(50) DEFAULT NULL COMMENT 'Email',
  `address` varchar(50) DEFAULT NULL COMMENT 'Address',
  `surburb` varchar(50) DEFAULT NULL COMMENT 'Surburb',
  `state` varchar(50) DEFAULT NULL COMMENT 'State',
  `postcode` varchar(50) DEFAULT NULL COMMENT 'Postcode',
  `dealership` varchar(50) DEFAULT NULL COMMENT 'Dealership',
  `purchasing_date` varchar(50) DEFAULT NULL COMMENT 'Purchasing Date',
  `description` varchar(50) DEFAULT NULL COMMENT 'Description',
  `spareparts_id` varchar(50) DEFAULT NULL COMMENT 'Sparepart Request Id',
  `failiure_type` varchar(50) DEFAULT NULL COMMENT 'Type of Failiure',
  `failiure_area` varchar(50) DEFAULT NULL COMMENT 'Area of Failiure',
  `repair_type` varchar(50) DEFAULT NULL COMMENT 'Type of Repair',
  `repair_description` varchar(50) DEFAULT NULL COMMENT 'Description of Repair',
  `attachments_id` varchar(50) DEFAULT NULL COMMENT 'Attachments Id',
  `cost_type` varchar(50) DEFAULT NULL COMMENT 'Type of Cost',
  `hours` varchar(50) DEFAULT NULL COMMENT 'Hours',
  `labour_rate` varchar(50) DEFAULT NULL COMMENT 'Labour Rate',
  `total_cost` varchar(50) DEFAULT NULL COMMENT 'Total Cost',
  `cost_description` varchar(50) DEFAULT NULL COMMENT 'Description of Cost',
  `asignee` varchar(50) DEFAULT NULL,
  `estimatecost` varchar(50) DEFAULT NULL,
  `supplier` varchar(50) DEFAULT NULL,
  `status` varchar(50) DEFAULT NULL,
  `claimonsupplier` varchar(50) DEFAULT NULL,
  `authamount` varchar(50) DEFAULT NULL,
  `approvalnumber` varchar(50) DEFAULT NULL,
  `approvaldate` varchar(50) DEFAULT NULL,
  `partsrequired` varchar(50) DEFAULT NULL,
  `nameofsupplier` varchar(50) DEFAULT NULL,
  `contact` varchar(50) DEFAULT NULL,
  `supplierpart` varchar(50) DEFAULT NULL,
  `suppliernotifieddate` varchar(50) DEFAULT NULL,
  `trackingno` varchar(50) DEFAULT NULL,
  `supplierapprovalno` varchar(50) DEFAULT NULL,
  PRIMARY KEY (`id`)
) ENGINE=InnoDB DEFAULT CHARSET=utf8mb4;

/*!40000 ALTER TABLE `reg_warrantyclaim` DISABLE KEYS */;
/*!40000 ALTER TABLE `reg_warrantyclaim` ENABLE KEYS */;

CREATE TABLE IF NOT EXISTS `status` (
  `STATUSCODE` varchar(16) NOT NULL,
  `DESCRIPTION` varchar(32) DEFAULT NULL,
  `STATUSCATEGORY` varchar(16) DEFAULT NULL,
  PRIMARY KEY (`STATUSCODE`),
  KEY `STATUS_STATUSCATEGORY_FK` (`STATUSCATEGORY`),
  CONSTRAINT `STATUS_STATUSCATEGORY_FK` FOREIGN KEY (`STATUSCATEGORY`) REFERENCES `statuscategory` (`CODE`)
) ENGINE=InnoDB DEFAULT CHARSET=latin1;

/*!40000 ALTER TABLE `status` DISABLE KEYS */;
INSERT INTO `status` (`STATUSCODE`, `DESCRIPTION`, `STATUSCATEGORY`) VALUES
	('ACT', 'Active', 'DFLT'),
	('CHA', 'Changed', 'DFLT'),
	('DEACT', 'Inactive', 'DFLT'),
	('NEW', 'New', 'DFLT'),
	('PAPR', 'Request Approved', 'PEND'),
	('PEND', 'Pending', 'PEND'),
	('PREJ', 'Request Rejected', 'PEND'),
	('RES', 'Reset', 'DFLT'),
	('SENT', 'Sent', 'COMP'),
	('UNSENT', 'Unsent', 'COMP');
/*!40000 ALTER TABLE `status` ENABLE KEYS */;

CREATE TABLE IF NOT EXISTS `statuscategory` (
  `CODE` varchar(16) NOT NULL,
  `DESCRIPTION` varchar(64) DEFAULT NULL,
  PRIMARY KEY (`CODE`)
) ENGINE=InnoDB DEFAULT CHARSET=latin1;

/*!40000 ALTER TABLE `statuscategory` DISABLE KEYS */;
INSERT INTO `statuscategory` (`CODE`, `DESCRIPTION`) VALUES
	('AUTH', 'Authentication'),
	('COMP', 'Completed'),
	('DFLT', 'Default'),
	('PEND', 'Pending'),
	('SENT', 'Sucessfuly sent'),
	('UNSENT', 'Unsuccessfully Sent');
/*!40000 ALTER TABLE `statuscategory` ENABLE KEYS */;

CREATE TABLE IF NOT EXISTS `userparam` (
  `PARAMCODE` varchar(16) NOT NULL,
  `DESCRIPTION` varchar(512) DEFAULT NULL,
  `CATEGORY` varchar(16) NOT NULL,
  `STATUS` varchar(16) DEFAULT NULL,
  `LASTUPDATEDUSER` varchar(64) DEFAULT NULL,
  `LASTUPDATEDTIME` datetime DEFAULT current_timestamp(),
  `CREATEDTIME` datetime DEFAULT current_timestamp(),
  `CREATEDUSER` varchar(64) DEFAULT NULL,
  `VALUE` varchar(512) DEFAULT NULL,
  PRIMARY KEY (`PARAMCODE`,`CATEGORY`),
  KEY `USERPARAM_STATUS_FK` (`STATUS`),
  KEY `USERPARAM_CATEGORY_FK` (`CATEGORY`),
  CONSTRAINT `USERPARAM_CATEGORY_FK` FOREIGN KEY (`CATEGORY`) REFERENCES `userparamcategory` (`CODE`),
  CONSTRAINT `USERPARAM_STATUS_FK` FOREIGN KEY (`STATUS`) REFERENCES `status` (`STATUSCODE`)
) ENGINE=InnoDB DEFAULT CHARSET=latin1;

/*!40000 ALTER TABLE `userparam` DISABLE KEYS */;
INSERT INTO `userparam` (`PARAMCODE`, `DESCRIPTION`, `CATEGORY`, `STATUS`, `LASTUPDATEDUSER`, `LASTUPDATEDTIME`, `CREATEDTIME`, `CREATEDUSER`, `VALUE`) VALUES
	('BBB', 'f', 'gg', 'ACT', 'admin', '2021-03-26 00:00:00', '2021-03-26 00:00:00', NULL, '3'),
	('CHECK', 'test', 'gg', 'ACT', 'admin', '2021-06-07 00:00:00', '2021-06-07 00:00:00', NULL, NULL),
	('ggg', 'updated', 'ak', 'ACT', 'admin', '2021-04-30 00:00:00', '2021-04-30 00:00:00', NULL, NULL),
	('HHh', 'rgfhrkfhhhfdshhlkjdxh122', 'gg', 'ACT', 'admin', '2021-03-26 00:00:00', '2021-03-26 00:00:00', NULL, '4'),
	('INFORM', 'sending email to inform about emoji', 'gg', 'ACT', 'admin', '2021-08-29 00:00:00', '2021-08-29 00:00:00', NULL, 'lak.dev94@gmail.com'),
	('MASK_CHAR', 'Masking Character', 'gg', 'ACT', 'jayana', '2019-02-13 00:00:00', '2019-02-13 00:00:00', NULL, 'X'),
	('MASK_LENGTH', 'Number of length show', 'gg', 'ACT', 'jayana', '2019-02-13 00:00:00', '2019-02-13 00:00:00', NULL, '4'),
	('t1', 'testbyhansi', 'INFORM', 'ACT', 'dilanka', '2021-11-23 15:50:01', '2021-11-23 15:50:01', NULL, NULL),
	('TEST', 'TEST1', 'ak', 'ACT', 'dilanka', '2021-04-30 00:00:00', '2021-04-30 00:00:00', NULL, NULL);
/*!40000 ALTER TABLE `userparam` ENABLE KEYS */;

CREATE TABLE IF NOT EXISTS `userparamcategory` (
  `CODE` varchar(16) NOT NULL,
  `DESCRIPTION` varchar(64) DEFAULT NULL,
  PRIMARY KEY (`CODE`)
) ENGINE=InnoDB DEFAULT CHARSET=latin1;

/*!40000 ALTER TABLE `userparamcategory` DISABLE KEYS */;
INSERT INTO `userparamcategory` (`CODE`, `DESCRIPTION`) VALUES
	('ak', 'vfvbf'),
	('gg', 'but'),
	('INFORM', 'sending email');
/*!40000 ALTER TABLE `userparamcategory` ENABLE KEYS */;

CREATE TABLE IF NOT EXISTS `userrole` (
  `USERROLECODE` varchar(16) NOT NULL,
  `DESCRIPTION` varchar(64) DEFAULT NULL,
  `STATUS` varchar(16) DEFAULT NULL,
  `LASTUPDATEDUSER` varchar(64) DEFAULT NULL,
  `LASTUPDATEDTIME` datetime DEFAULT current_timestamp(),
  `CREATEDTIME` datetime DEFAULT current_timestamp(),
  `USERROLETYPE` varchar(16) DEFAULT NULL,
  `CREATEDUSER` varchar(64) DEFAULT NULL,
  PRIMARY KEY (`USERROLECODE`),
  KEY `USERROLE_STATUS_FK` (`STATUS`),
  KEY `USERROLE_USERROLETYPE_FK` (`USERROLETYPE`),
  CONSTRAINT `USERROLE_STATUS_FK` FOREIGN KEY (`STATUS`) REFERENCES `status` (`STATUSCODE`),
  CONSTRAINT `USERROLE_USERROLETYPE_FK` FOREIGN KEY (`USERROLETYPE`) REFERENCES `userroletype` (`USERROLETYPECODE`)
) ENGINE=InnoDB DEFAULT CHARSET=latin1;

/*!40000 ALTER TABLE `userrole` DISABLE KEYS */;
INSERT INTO `userrole` (`USERROLECODE`, `DESCRIPTION`, `STATUS`, `LASTUPDATEDUSER`, `LASTUPDATEDTIME`, `CREATEDTIME`, `USERROLETYPE`, `CREATEDUSER`) VALUES
	('322', '23232', 'ACT', 'admin', '2021-09-29 00:00:00', '2021-09-29 00:00:00', 'WEB', 'admin'),
	('ADMIN', 'Admin', 'ACT', 'admin', '2021-03-31 00:00:00', '2021-01-15 00:00:00', 'WEB', 'admin'),
	('DEALER', 'Dealer Shop', 'ACT', 'admin', '2021-03-31 00:00:00', '2021-01-15 00:00:00', 'WEB', 'admin'),
	('HEADOFFICE', 'Head Office', 'ACT', 'admin', '2021-03-31 00:00:00', '2021-01-15 00:00:00', 'WEB', 'admin');
/*!40000 ALTER TABLE `userrole` ENABLE KEYS */;

CREATE TABLE IF NOT EXISTS `userroletype` (
  `USERROLETYPECODE` varchar(16) NOT NULL,
  `DESCRIPTION` varchar(64) DEFAULT NULL,
  `STATUS` varchar(16) DEFAULT NULL,
  PRIMARY KEY (`USERROLETYPECODE`),
  KEY `USERROLETYPE_STATUS_FK` (`STATUS`),
  CONSTRAINT `USERROLETYPE_STATUS_FK` FOREIGN KEY (`STATUS`) REFERENCES `status` (`STATUSCODE`)
) ENGINE=InnoDB DEFAULT CHARSET=latin1;

/*!40000 ALTER TABLE `userroletype` DISABLE KEYS */;
INSERT INTO `userroletype` (`USERROLETYPECODE`, `DESCRIPTION`, `STATUS`) VALUES
	('TAB', 'Tab', 'ACT'),
	('WEB', 'Web', 'ACT');
/*!40000 ALTER TABLE `userroletype` ENABLE KEYS */;

CREATE TABLE IF NOT EXISTS `web_page` (
  `PAGECODE` varchar(16) NOT NULL,
  `DESCRIPTION` varchar(64) DEFAULT NULL,
  `URL` varchar(32) DEFAULT NULL,
  `SORTKEY` smallint(6) DEFAULT NULL,
  `AFLAG` int(11) DEFAULT 0 COMMENT 'Actual dual auth flag',
  `CFLAG` int(11) DEFAULT 0 COMMENT 'Current dual auth flag',
  `STATUS` varchar(16) DEFAULT NULL,
  `LASTUPDATEDUSER` varchar(64) DEFAULT NULL,
  `LASTUPDATEDTIME` datetime DEFAULT current_timestamp(),
  `CREATEDTIME` datetime DEFAULT current_timestamp(),
  `CREATEDUSER` varchar(64) DEFAULT NULL,
  PRIMARY KEY (`PAGECODE`),
  KEY `WEB_PAGE_STATUS_FK` (`STATUS`),
  CONSTRAINT `WEB_PAGE_STATUS_FK` FOREIGN KEY (`STATUS`) REFERENCES `status` (`STATUSCODE`)
) ENGINE=InnoDB DEFAULT CHARSET=latin1;

/*!40000 ALTER TABLE `web_page` DISABLE KEYS */;
INSERT INTO `web_page` (`PAGECODE`, `DESCRIPTION`, `URL`, `SORTKEY`, `AFLAG`, `CFLAG`, `STATUS`, `LASTUPDATEDUSER`, `LASTUPDATEDTIME`, `CREATEDTIME`, `CREATEDUSER`) VALUES
	('ATMT', 'System Audit', 'viewAudit.htm', 4, 0, 0, 'ACT', 'admin', '2021-02-03 00:00:00', '2021-01-22 00:00:00', 'admin'),
	('CATM', 'Category Telco Management', 'viewCategoryTelco.htm', 16, 0, 0, 'ACT', 'admin', '2021-03-16 00:00:00', '2021-03-16 00:00:00', 'admin'),
	('CHMT', 'Channel Management', 'viewChannel.htm', 12, 0, 0, 'ACT', 'dilanka', '2021-09-16 00:00:00', '2021-03-16 00:00:00', 'admin'),
	('CLAIMS', 'Warrenty Claims', 'viewWarrantyClaims.htm', 21, 0, 0, 'ACT', 'admin', '2021-03-16 00:00:00', '2021-03-16 00:00:00', 'admin'),
	('CTMT', 'SMS Category Management', 'viewCategory.htm', 10, 0, 0, 'ACT', 'admin', '2021-02-08 00:00:00', '2021-02-08 00:00:00', 'admin'),
	('CTTMT', 'Channel Transaction Type Management', 'viewChannelTxnType.htm', 8, 0, 0, 'ACT', 'admin', '2021-02-08 00:00:00', '2021-02-08 00:00:00', 'admin'),
	('CURE', 'Customer Registration', 'viewCustomerRegistration.htm', 8, 0, 0, 'ACT', 'admin', '2021-02-08 00:00:00', '2021-02-08 00:00:00', 'admin'),
	('CUSS', 'Customer Search', 'viewCustomerSearch.htm', 8, 0, 0, 'ACT', 'admin', '2021-02-08 00:00:00', '2021-02-08 00:00:00', 'admin'),
	('DPMT', 'Department Management', 'viewDepartment.htm', 9, 0, 0, 'ACT', 'admin', '2021-02-08 00:00:00', '2021-02-08 00:00:00', 'admin'),
	('LGIN', 'Login', 'login', 5, 0, 0, 'ACT', 'admin', '2021-01-22 00:00:00', '2021-01-22 00:00:00', 'admin'),
	('PGMT', 'Pages', 'viewPage.htm', 6, 0, 0, 'ACT', 'admin', '2021-02-03 00:00:00', '2021-02-01 00:00:00', 'admin'),
	('PWCM', 'Password Change Management', 'viewPasswordChange.htm', 3, 0, 0, 'ACT', 'admin', '2021-01-19 00:00:00', '2021-01-19 00:00:00', 'admin'),
	('PWPM', 'Password Policy', 'viewPasswordPolicy.htm', 3, 0, 0, 'ACT', 'admin', '2021-01-19 00:00:00', '2021-01-19 00:00:00', 'admin'),
	('SCMT', 'Sections', 'viewSection.htm', 7, 0, 0, 'ACT', 'admin', '2021-01-22 00:00:00', '2021-01-22 00:00:00', 'admin'),
	('SMMT', 'SMS SMPP Configuration Management', 'viewSmppConfiguration.htm', 11, 0, 0, 'ACT', 'admin', '2021-02-08 00:00:00', '2021-02-08 00:00:00', 'admin'),
	('SMPM', 'SMS MT Port Management', 'viewSmsMtPort.htm', 14, 0, 0, 'ACT', 'admin', '2021-03-19 00:00:00', '2021-03-19 00:00:00', 'admin'),
	('SORT', 'SMS Out Box Report', 'viewSmsOutBox.htm', 13, 0, 0, 'ACT', 'admin', '2021-03-16 00:00:00', '2021-03-16 00:00:00', 'admin'),
	('SOTM', 'SMS Template Management', 'viewSMSTemplate.htm', 6, 0, 0, 'ACT', 'admin', '2021-02-03 00:00:00', '2021-02-01 00:00:00', 'admin'),
	('SSRT', 'SMS Out Box Summary Report', 'viewsmsoutboxsumreport.htm', 20, 0, 0, 'ACT', 'admin', '2021-03-16 00:00:00', '2021-03-16 00:00:00', 'admin'),
	('SUPPLIER', 'Suppliers', 'viewSupplier.htm', 22, 0, 0, 'ACT', 'admin', '2021-03-16 00:00:00', '2021-03-16 00:00:00', 'admin'),
	('TSMT', 'Tasks', 'viewTask.htm', 1, 0, 0, 'ACT', 'admin', '2021-01-18 00:00:00', '2021-01-18 00:00:00', 'admin'),
	('TTMT', 'TxnType Management', 'viewTxnType.htm', 9, 0, 0, 'ACT', 'admin', '2021-02-08 00:00:00', '2021-02-08 00:00:00', 'admin'),
	('UPMT', 'User parameter Management', 'viewUserParam.htm', 15, 0, 0, 'ACT', 'admin', '2021-03-16 00:00:00', '2021-03-16 00:00:00', 'admin'),
	('URMT', 'User Roles', 'viewUserRole.htm', 2, 0, 0, 'ACT', 'admin', '2021-11-30 12:54:22', '2021-01-18 00:00:00', 'admin'),
	('USMT', 'Users', 'viewSystemUser.htm', 8, 0, 0, 'ACT', 'admin', '2021-02-08 00:00:00', '2021-02-08 00:00:00', 'admin');
/*!40000 ALTER TABLE `web_page` ENABLE KEYS */;

CREATE TABLE IF NOT EXISTS `web_pagetask` (
  `USERROLE` varchar(16) NOT NULL,
  `PAGE` varchar(16) NOT NULL,
  `TASK` varchar(16) NOT NULL,
  `LASTUPDATEDUSER` varchar(64) DEFAULT NULL,
  `LASTUPDATEDTIME` datetime DEFAULT current_timestamp(),
  `CREATETIME` datetime DEFAULT current_timestamp(),
  PRIMARY KEY (`USERROLE`,`PAGE`,`TASK`),
  KEY `WEB_PAGETASK_PAGE_FK` (`PAGE`),
  KEY `WEB_PAGETASK_TASK_FK` (`TASK`),
  CONSTRAINT `WEB_PAGETASK_PAGE_FK` FOREIGN KEY (`PAGE`) REFERENCES `web_page` (`PAGECODE`),
  CONSTRAINT `WEB_PAGETASK_TASK_FK` FOREIGN KEY (`TASK`) REFERENCES `web_task` (`TASKCODE`),
  CONSTRAINT `WEB_PAGETASK_USERROLE_FK` FOREIGN KEY (`USERROLE`) REFERENCES `userrole` (`USERROLECODE`)
) ENGINE=InnoDB DEFAULT CHARSET=latin1;

/*!40000 ALTER TABLE `web_pagetask` DISABLE KEYS */;
INSERT INTO `web_pagetask` (`USERROLE`, `PAGE`, `TASK`, `LASTUPDATEDUSER`, `LASTUPDATEDTIME`, `CREATETIME`) VALUES
	('ADMIN', 'ATMT', 'DWLD', 'admin', '2021-01-20 00:00:00', '2021-01-20 00:00:00'),
	('ADMIN', 'ATMT', 'VIEW', 'admin', '2021-01-20 00:00:00', '2021-01-20 00:00:00'),
	('ADMIN', 'CATM', 'ADD', 'dilanka', '2021-02-22 00:00:00', '2021-02-22 00:00:00'),
	('ADMIN', 'CATM', 'CONF', 'dilanka', '2021-02-22 00:00:00', '2021-02-22 00:00:00'),
	('ADMIN', 'CATM', 'DEL', 'dilanka', '2021-02-22 00:00:00', '2021-02-22 00:00:00'),
	('ADMIN', 'CATM', 'REJT', 'dilanka', '2021-02-22 00:00:00', '2021-02-22 00:00:00'),
	('ADMIN', 'CATM', 'UPDATE', 'dilanka', '2021-02-22 00:00:00', '2021-02-22 00:00:00'),
	('ADMIN', 'CATM', 'VIEW', 'dilanka', '2021-02-22 00:00:00', '2021-02-22 00:00:00'),
	('ADMIN', 'CLAIMS', 'ADD', 'dilanka', '2022-06-25 19:26:37', '2022-06-25 19:26:37'),
	('ADMIN', 'CLAIMS', 'DEL', 'dilanka', '2022-06-25 19:26:37', '2022-06-25 19:26:37'),
	('ADMIN', 'CLAIMS', 'UPDATE', 'dilanka', '2022-06-25 19:26:37', '2022-06-25 19:26:37'),
	('ADMIN', 'CLAIMS', 'VIEW', 'dilanka', '2022-06-25 19:26:37', '2022-06-25 19:26:37'),
	('ADMIN', 'CURE', 'ADD', 'admin', '2021-02-22 00:00:00', '2021-02-22 00:00:00'),
	('ADMIN', 'CURE', 'CONF', 'admin', '2021-02-22 00:00:00', '2021-02-22 00:00:00'),
	('ADMIN', 'CURE', 'REJT', 'admin', '2021-02-22 00:00:00', '2021-02-22 00:00:00'),
	('ADMIN', 'CURE', 'SRCH', 'admin', '2021-02-22 00:00:00', '2021-02-22 00:00:00'),
	('ADMIN', 'CURE', 'VIEW', 'admin', '2021-02-22 00:00:00', '2021-02-22 00:00:00'),
	('ADMIN', 'CUSS', 'SRCH', 'admin', '2021-02-22 00:00:00', '2021-02-22 00:00:00'),
	('ADMIN', 'CUSS', 'VIEW', 'admin', '2021-02-22 00:00:00', '2021-02-22 00:00:00'),
	('ADMIN', 'PGMT', 'CONF', 'admin', '2021-01-20 00:00:00', '2021-01-20 00:00:00'),
	('ADMIN', 'PGMT', 'REJT', 'admin', '2021-01-20 00:00:00', '2021-01-20 00:00:00'),
	('ADMIN', 'PGMT', 'UPDATE', 'admin', '2021-01-20 00:00:00', '2021-01-20 00:00:00'),
	('ADMIN', 'PGMT', 'VIEW', 'admin', '2021-01-20 00:00:00', '2021-01-20 00:00:00'),
	('ADMIN', 'PWPM', 'ADD', 'admin', '2021-02-22 00:00:00', '2021-02-22 00:00:00'),
	('ADMIN', 'PWPM', 'CONF', 'admin', '2021-02-22 00:00:00', '2021-02-22 00:00:00'),
	('ADMIN', 'PWPM', 'DEL', 'admin', '2021-02-22 00:00:00', '2021-02-22 00:00:00'),
	('ADMIN', 'PWPM', 'REJT', 'admin', '2021-02-22 00:00:00', '2021-02-22 00:00:00'),
	('ADMIN', 'PWPM', 'UPDATE', 'admin', '2021-02-22 00:00:00', '2021-02-22 00:00:00'),
	('ADMIN', 'PWPM', 'VIEW', 'admin', '2021-02-22 00:00:00', '2021-02-22 00:00:00'),
	('ADMIN', 'SCMT', 'ADD', 'admin', '2021-02-01 00:00:00', '2021-02-01 00:00:00'),
	('ADMIN', 'SCMT', 'CONF', 'admin', '2021-02-01 00:00:00', '2021-02-01 00:00:00'),
	('ADMIN', 'SCMT', 'DEL', 'admin', '2021-01-20 00:00:00', '2021-01-20 00:00:00'),
	('ADMIN', 'SCMT', 'REJT', 'admin', '2021-01-20 00:00:00', '2021-01-20 00:00:00'),
	('ADMIN', 'SCMT', 'UPDATE', 'admin', '2021-01-20 00:00:00', '2021-01-20 00:00:00'),
	('ADMIN', 'SCMT', 'VIEW', 'admin', '2021-01-20 00:00:00', '2021-01-20 00:00:00'),
	('ADMIN', 'SORT', 'DWLD', 'admin', '2021-01-20 00:00:00', '2021-01-20 00:00:00'),
	('ADMIN', 'SORT', 'VIEW', 'admin', '2021-01-20 00:00:00', '2021-01-20 00:00:00'),
	('ADMIN', 'SSRT', 'DWLD', 'admin', '2021-01-20 00:00:00', '2021-01-20 00:00:00'),
	('ADMIN', 'SSRT', 'VIEW', 'admin', '2021-01-20 00:00:00', '2021-01-20 00:00:00'),
	('ADMIN', 'SUPPLIER', 'ADD', 'jayana', '2022-06-26 00:54:01', '2022-06-26 00:54:01'),
	('ADMIN', 'SUPPLIER', 'DEL', 'jayana', '2022-06-26 00:54:01', '2022-06-26 00:54:01'),
	('ADMIN', 'SUPPLIER', 'UPDATE', 'jayana', '2022-06-26 00:54:01', '2022-06-26 00:54:01'),
	('ADMIN', 'SUPPLIER', 'VIEW', 'jayana', '2022-06-26 00:54:01', '2022-06-26 00:54:01'),
	('ADMIN', 'TSMT', 'ADD', 'admin', '2021-02-01 00:00:00', '2021-02-01 00:00:00'),
	('ADMIN', 'TSMT', 'CONF', 'admin', '2021-02-01 00:00:00', '2021-02-01 00:00:00'),
	('ADMIN', 'TSMT', 'DEL', 'admin', '2021-01-20 00:00:00', '2021-01-20 00:00:00'),
	('ADMIN', 'TSMT', 'REJT', 'admin', '2021-01-20 00:00:00', '2021-01-20 00:00:00'),
	('ADMIN', 'TSMT', 'UPDATE', 'admin', '2021-01-20 00:00:00', '2021-01-20 00:00:00'),
	('ADMIN', 'TSMT', 'VIEW', 'admin', '2021-01-20 00:00:00', '2021-01-20 00:00:00'),
	('ADMIN', 'UPMT', 'ADD', 'admin', '2021-02-22 00:00:00', '2021-02-22 00:00:00'),
	('ADMIN', 'UPMT', 'CONF', 'admin', '2021-02-22 00:00:00', '2021-02-22 00:00:00'),
	('ADMIN', 'UPMT', 'DEL', 'admin', '2021-02-22 00:00:00', '2021-02-22 00:00:00'),
	('ADMIN', 'UPMT', 'REJT', 'admin', '2021-02-22 00:00:00', '2021-02-22 00:00:00'),
	('ADMIN', 'UPMT', 'UPDATE', 'admin', '2021-02-22 00:00:00', '2021-02-22 00:00:00'),
	('ADMIN', 'UPMT', 'VIEW', 'admin', '2021-02-22 00:00:00', '2021-02-22 00:00:00'),
	('ADMIN', 'URMT', 'ADD', 'admin', '2021-02-01 00:00:00', '2021-02-01 00:00:00'),
	('ADMIN', 'URMT', 'ASGNPAGE', 'admin', '2021-02-08 00:00:00', '2021-02-08 00:00:00'),
	('ADMIN', 'URMT', 'ASGNTASK', 'admin', '2021-02-08 00:00:00', '2021-02-08 00:00:00'),
	('ADMIN', 'URMT', 'CONF', 'admin', '2021-02-01 00:00:00', '2021-02-01 00:00:00'),
	('ADMIN', 'URMT', 'DEL', 'admin', '2021-01-20 00:00:00', '2021-01-20 00:00:00'),
	('ADMIN', 'URMT', 'REJT', 'admin', '2021-01-20 00:00:00', '2021-01-20 00:00:00'),
	('ADMIN', 'URMT', 'UPDATE', 'admin', '2021-01-20 00:00:00', '2021-01-20 00:00:00'),
	('ADMIN', 'URMT', 'VIEW', 'admin', '2021-01-20 00:00:00', '2021-01-20 00:00:00'),
	('ADMIN', 'USMT', 'ADD', 'admin', '2021-02-08 00:00:00', '2021-02-08 00:00:00'),
	('ADMIN', 'USMT', 'CONF', 'admin', '2021-02-08 00:00:00', '2021-02-08 00:00:00'),
	('ADMIN', 'USMT', 'DEL', 'admin', '2021-02-08 00:00:00', '2021-02-08 00:00:00'),
	('ADMIN', 'USMT', 'REJT', 'admin', '2021-02-08 00:00:00', '2021-02-08 00:00:00'),
	('ADMIN', 'USMT', 'UPDATE', 'admin', '2021-02-08 00:00:00', '2021-02-08 00:00:00'),
	('ADMIN', 'USMT', 'VIEW', 'admin', '2021-02-08 00:00:00', '2021-02-08 00:00:00'),
	('u1', 'ATMT', 'DWLD', 'admin', '2021-11-23 13:17:51', '2021-11-23 13:17:51'),
	('u1', 'ATMT', 'VIEW', 'admin', '2021-11-23 13:17:51', '2021-11-23 13:17:51'),
	('U11', 'CATM', 'ADD', 'qa2', '2021-12-10 09:38:23', '2021-12-10 09:38:23'),
	('U11', 'CATM', 'CONF', 'qa2', '2021-12-10 09:38:24', '2021-12-10 09:38:24');
/*!40000 ALTER TABLE `web_pagetask` ENABLE KEYS */;

CREATE TABLE IF NOT EXISTS `web_pagetask_template` (
  `PAGE` varchar(16) NOT NULL,
  `TASK` varchar(16) NOT NULL,
  `LASTUPDATEDUSER` varchar(64) NOT NULL,
  `LASTUPDATEDTIME` datetime NOT NULL DEFAULT current_timestamp(),
  `CREATETIME` datetime NOT NULL DEFAULT current_timestamp(),
  PRIMARY KEY (`PAGE`,`TASK`),
  KEY `WEB_PAGETASK_TEMPLATE_TASK` (`TASK`),
  CONSTRAINT `WEB_PAGETASK_TEMPLATE_PAGE_FK` FOREIGN KEY (`PAGE`) REFERENCES `web_page` (`PAGECODE`),
  CONSTRAINT `WEB_PAGETASK_TEMPLATE_TASK` FOREIGN KEY (`TASK`) REFERENCES `web_task` (`TASKCODE`)
) ENGINE=InnoDB DEFAULT CHARSET=latin1;

/*!40000 ALTER TABLE `web_pagetask_template` DISABLE KEYS */;
INSERT INTO `web_pagetask_template` (`PAGE`, `TASK`, `LASTUPDATEDUSER`, `LASTUPDATEDTIME`, `CREATETIME`) VALUES
	('ATMT', 'DWLD', 'admin', '2021-01-20 00:00:00', '2021-01-20 00:00:00'),
	('ATMT', 'VIEW', 'admin', '2021-01-20 00:00:00', '2021-01-20 00:00:00'),
	('CATM', 'ADD', 'admin', '2021-02-22 00:00:00', '2021-02-22 00:00:00'),
	('CATM', 'CONF', 'admin', '2021-02-22 00:00:00', '2021-02-22 00:00:00'),
	('CATM', 'DEL', 'admin', '2021-02-22 00:00:00', '2021-02-22 00:00:00'),
	('CATM', 'REJT', 'admin', '2021-02-22 00:00:00', '2021-02-22 00:00:00'),
	('CATM', 'UPDATE', 'admin', '2021-02-22 00:00:00', '2021-02-22 00:00:00'),
	('CATM', 'VIEW', 'admin', '2021-02-22 00:00:00', '2021-02-22 00:00:00'),
	('CHMT', 'ADD', 'admin', '2021-02-22 00:00:00', '2021-02-22 00:00:00'),
	('CHMT', 'CONF', 'admin', '2021-02-22 00:00:00', '2021-02-22 00:00:00'),
	('CHMT', 'DEL', 'admin', '2021-02-22 00:00:00', '2021-02-22 00:00:00'),
	('CHMT', 'REJT', 'admin', '2021-02-22 00:00:00', '2021-02-22 00:00:00'),
	('CHMT', 'UPDATE', 'admin', '2021-02-22 00:00:00', '2021-02-22 00:00:00'),
	('CHMT', 'VIEW', 'admin', '2021-02-22 00:00:00', '2021-02-22 00:00:00'),
	('CLAIMS', 'ADD', 'admin', '2022-06-25 19:25:07', '2022-06-25 19:25:07'),
	('CLAIMS', 'DEL', 'admin', '2022-06-25 19:25:07', '2022-06-25 19:25:07'),
	('CLAIMS', 'UPDATE', 'admin', '2022-06-25 19:25:07', '2022-06-25 19:25:07'),
	('CLAIMS', 'VIEW', 'admin', '2022-06-25 19:25:07', '2022-06-25 19:25:07'),
	('CTMT', 'ADD', 'admin', '2021-02-22 00:00:00', '2021-02-22 00:00:00'),
	('CTMT', 'CONF', 'admin', '2021-02-22 00:00:00', '2021-02-22 00:00:00'),
	('CTMT', 'DEL', 'admin', '2021-02-22 00:00:00', '2021-02-22 00:00:00'),
	('CTMT', 'REJT', 'admin', '2021-02-22 00:00:00', '2021-02-22 00:00:00'),
	('CTMT', 'UPDATE', 'admin', '2021-02-22 00:00:00', '2021-02-22 00:00:00'),
	('CTMT', 'VIEW', 'admin', '2021-02-22 00:00:00', '2021-02-22 00:00:00'),
	('CTTMT', 'ADD', 'admin', '2021-02-22 00:00:00', '2021-02-22 00:00:00'),
	('CTTMT', 'CONF', 'admin', '2021-02-22 00:00:00', '2021-02-22 00:00:00'),
	('CTTMT', 'DEL', 'admin', '2021-02-22 00:00:00', '2021-02-22 00:00:00'),
	('CTTMT', 'REJT', 'admin', '2021-02-22 00:00:00', '2021-02-22 00:00:00'),
	('CTTMT', 'UPDATE', 'admin', '2021-02-22 00:00:00', '2021-02-22 00:00:00'),
	('CTTMT', 'VIEW', 'admin', '2021-02-22 00:00:00', '2021-02-22 00:00:00'),
	('DPMT', 'ADD', 'admin', '2021-02-22 00:00:00', '2021-02-22 00:00:00'),
	('DPMT', 'CONF', 'admin', '2021-02-22 00:00:00', '2021-02-22 00:00:00'),
	('DPMT', 'DEL', 'admin', '2021-02-22 00:00:00', '2021-02-22 00:00:00'),
	('DPMT', 'REJT', 'admin', '2021-02-22 00:00:00', '2021-02-22 00:00:00'),
	('DPMT', 'UPDATE', 'admin', '2021-02-22 00:00:00', '2021-02-22 00:00:00'),
	('DPMT', 'VIEW', 'admin', '2021-02-22 00:00:00', '2021-02-22 00:00:00'),
	('PGMT', 'CONF', 'admin', '2021-01-20 00:00:00', '2021-01-20 00:00:00'),
	('PGMT', 'REJT', 'admin', '2021-01-20 00:00:00', '2021-01-20 00:00:00'),
	('PGMT', 'UPDATE', 'admin', '2021-01-20 00:00:00', '2021-01-20 00:00:00'),
	('PGMT', 'VIEW', 'admin', '2021-01-20 00:00:00', '2021-01-20 00:00:00'),
	('PWPM', 'ADD', 'admin', '2021-02-22 00:00:00', '2021-02-22 00:00:00'),
	('PWPM', 'CONF', 'admin', '2021-02-22 00:00:00', '2021-02-22 00:00:00'),
	('PWPM', 'DEL', 'admin', '2021-02-22 00:00:00', '2021-02-22 00:00:00'),
	('PWPM', 'REJT', 'admin', '2021-02-22 00:00:00', '2021-02-22 00:00:00'),
	('PWPM', 'UPDATE', 'admin', '2021-02-22 00:00:00', '2021-02-22 00:00:00'),
	('PWPM', 'VIEW', 'admin', '2021-02-22 00:00:00', '2021-02-22 00:00:00'),
	('SCMT', 'ADD', 'admin', '2021-01-20 00:00:00', '2021-01-20 00:00:00'),
	('SCMT', 'CONF', 'admin', '2021-01-20 00:00:00', '2021-01-20 00:00:00'),
	('SCMT', 'DEL', 'admin', '2021-01-20 00:00:00', '2021-01-20 00:00:00'),
	('SCMT', 'REJT', 'admin', '2021-01-20 00:00:00', '2021-01-20 00:00:00'),
	('SCMT', 'UPDATE', 'admin', '2021-01-20 00:00:00', '2021-01-20 00:00:00'),
	('SCMT', 'VIEW', 'admin', '2021-01-20 00:00:00', '2021-01-20 00:00:00'),
	('SMMT', 'ADD', 'admin', '2021-01-20 00:00:00', '2021-01-20 00:00:00'),
	('SMMT', 'CONF', 'admin', '2021-01-20 00:00:00', '2021-01-20 00:00:00'),
	('SMMT', 'DEL', 'admin', '2021-01-20 00:00:00', '2021-01-20 00:00:00'),
	('SMMT', 'REJT', 'admin', '2021-01-20 00:00:00', '2021-01-20 00:00:00'),
	('SMMT', 'UPDATE', 'admin', '2021-01-20 00:00:00', '2021-01-20 00:00:00'),
	('SMMT', 'VIEW', 'admin', '2021-01-20 00:00:00', '2021-01-20 00:00:00'),
	('SMPM', 'ADD', 'admin', '2021-02-22 00:00:00', '2021-02-22 00:00:00'),
	('SMPM', 'CONF', 'admin', '2021-02-22 00:00:00', '2021-02-22 00:00:00'),
	('SMPM', 'DEL', 'admin', '2021-02-22 00:00:00', '2021-02-22 00:00:00'),
	('SMPM', 'REJT', 'admin', '2021-02-22 00:00:00', '2021-02-22 00:00:00'),
	('SMPM', 'UPDATE', 'admin', '2021-02-22 00:00:00', '2021-02-22 00:00:00'),
	('SMPM', 'VIEW', 'admin', '2021-02-22 00:00:00', '2021-02-22 00:00:00'),
	('SORT', 'DWLD', 'admin', '2021-01-20 00:00:00', '2021-01-20 00:00:00'),
	('SORT', 'VIEW', 'admin', '2021-01-20 00:00:00', '2021-01-20 00:00:00'),
	('SSRT', 'DWLD', 'admin', '2021-01-20 00:00:00', '2021-01-20 00:00:00'),
	('SSRT', 'VIEW', 'admin', '2021-01-20 00:00:00', '2021-01-20 00:00:00'),
	('SUPPLIER', 'ADD', 'admin', '2022-06-25 19:25:07', '2022-06-25 19:25:07'),
	('SUPPLIER', 'DEL', 'admin', '2022-06-25 19:25:07', '2022-06-25 19:25:07'),
	('SUPPLIER', 'UPDATE', 'admin', '2022-06-25 19:25:07', '2022-06-25 19:25:07'),
	('SUPPLIER', 'VIEW', 'admin', '2022-06-25 19:25:07', '2022-06-25 19:25:07'),
	('TSMT', 'ADD', 'admin', '2021-01-20 00:00:00', '2021-01-20 00:00:00'),
	('TSMT', 'CONF', 'admin', '2021-01-20 00:00:00', '2021-01-20 00:00:00'),
	('TSMT', 'DEL', 'admin', '2021-01-20 00:00:00', '2021-01-20 00:00:00'),
	('TSMT', 'REJT', 'admin', '2021-01-20 00:00:00', '2021-01-20 00:00:00'),
	('TSMT', 'UPDATE', 'admin', '2021-01-20 00:00:00', '2021-01-20 00:00:00'),
	('TSMT', 'VIEW', 'admin', '2021-01-20 00:00:00', '2021-01-20 00:00:00'),
	('TTMT', 'ADD', 'admin', '2021-02-22 00:00:00', '2021-02-22 00:00:00'),
	('TTMT', 'CONF', 'admin', '2021-02-22 00:00:00', '2021-02-22 00:00:00'),
	('TTMT', 'DEL', 'admin', '2021-02-22 00:00:00', '2021-02-22 00:00:00'),
	('TTMT', 'REJT', 'admin', '2021-02-22 00:00:00', '2021-02-22 00:00:00'),
	('TTMT', 'UPDATE', 'admin', '2021-02-22 00:00:00', '2021-02-22 00:00:00'),
	('TTMT', 'VIEW', 'admin', '2021-02-22 00:00:00', '2021-02-22 00:00:00'),
	('UPMT', 'ADD', 'admin', '2021-02-22 00:00:00', '2021-02-22 00:00:00'),
	('UPMT', 'CONF', 'admin', '2021-02-22 00:00:00', '2021-02-22 00:00:00'),
	('UPMT', 'DEL', 'admin', '2021-02-22 00:00:00', '2021-02-22 00:00:00'),
	('UPMT', 'REJT', 'admin', '2021-02-22 00:00:00', '2021-02-22 00:00:00'),
	('UPMT', 'UPDATE', 'admin', '2021-02-22 00:00:00', '2021-02-22 00:00:00'),
	('UPMT', 'VIEW', 'admin', '2021-02-22 00:00:00', '2021-02-22 00:00:00'),
	('URMT', 'ADD', 'admin', '2021-01-20 00:00:00', '2021-01-20 00:00:00'),
	('URMT', 'ASGNPAGE', 'admin', '2021-01-20 00:00:00', '2021-01-20 00:00:00'),
	('URMT', 'ASGNTASK', 'admin', '2021-01-20 00:00:00', '2021-01-20 00:00:00'),
	('URMT', 'CONF', 'admin', '2021-01-20 00:00:00', '2021-01-20 00:00:00'),
	('URMT', 'DEL', 'admin', '2021-01-20 00:00:00', '2021-01-20 00:00:00'),
	('URMT', 'REJT', 'admin', '2021-01-20 00:00:00', '2021-01-20 00:00:00'),
	('URMT', 'UPDATE', 'admin', '2021-01-20 00:00:00', '2021-01-20 00:00:00'),
	('URMT', 'VIEW', 'admin', '2021-01-20 00:00:00', '2021-01-20 00:00:00');
/*!40000 ALTER TABLE `web_pagetask_template` ENABLE KEYS */;

CREATE TABLE IF NOT EXISTS `web_passwordhistory` (
  `ID` int(11) NOT NULL AUTO_INCREMENT,
  `USERNAME` varchar(64) DEFAULT NULL,
  `PASSWORD` varchar(255) DEFAULT NULL,
  `LASTUPDATEDUSER` varchar(64) DEFAULT NULL,
  `LASTUPDATEDTIME` datetime DEFAULT current_timestamp(),
  `CREATEDTIME` datetime DEFAULT current_timestamp(),
  PRIMARY KEY (`ID`)
) ENGINE=InnoDB AUTO_INCREMENT=143 DEFAULT CHARSET=latin1;

/*!40000 ALTER TABLE `web_passwordhistory` DISABLE KEYS */;
INSERT INTO `web_passwordhistory` (`ID`, `USERNAME`, `PASSWORD`, `LASTUPDATEDUSER`, `LASTUPDATEDTIME`, `CREATEDTIME`) VALUES
	(12, 'admin', '5994471abb01112afcc18159f6cc74b4f511b99806da59b3caf5a9c173cacfc5', 'admin', '2021-11-11 08:35:23', '2021-11-11 08:35:23'),
	(13, 'admin', 'a665a45920422f9d417e4867efdc4fb8a04a1f3fff1fa07e998e86f7f7a27ae3', 'admin', '2021-11-11 08:35:23', '2021-11-11 08:35:23'),
	(14, 'admin', 'a665a45920422f9d417e4867efdc4fb8a04a1f3fff1fa07e998e86f7f7a27ae3', 'admin', '2021-11-11 08:35:23', '2021-11-11 08:35:23'),
	(15, 'admin', 'a665a45920422f9d417e4867efdc4fb8a04a1f3fff1fa07e998e86f7f7a27ae3', 'admin', '2021-11-11 08:35:23', '2021-11-11 08:35:23'),
	(16, 'admin', '03ac674216f3e15c761ee1a5e255f067953623c8b388b4459e13f978d7c846f4', 'admin', '2021-11-11 08:35:23', '2021-11-11 08:35:23'),
	(17, 'admin', '5994471abb01112afcc18159f6cc74b4f511b99806da59b3caf5a9c173cacfc5', 'admin', '2021-11-11 08:35:23', '2021-11-11 08:35:23'),
	(18, 'admin', 'a665a45920422f9d417e4867efdc4fb8a04a1f3fff1fa07e998e86f7f7a27ae3', 'admin', '2021-11-11 08:35:24', '2021-11-11 08:35:24'),
	(21, 'admin', 'a665a45920422f9d417e4867efdc4fb8a04a1f3fff1fa07e998e86f7f7a27ae3', 'admin', '2021-11-11 08:35:24', '2021-11-11 08:35:24'),
	(41, 'rahul', 'ca978112ca1bbdcafac231b39a23dc4da786eff8147c4e72b9807785afee48bb', 'rahul', '2021-11-11 08:35:22', '2021-11-11 08:35:22'),
	(61, 'abcd', '3e23e8160039594a33894f6564e1b1348bbd7a0088d42c4acb73eeaed59c009d', 'abcd', '2021-11-11 08:35:22', '2021-11-11 08:35:22'),
	(62, 'milie', 'ca978112ca1bbdcafac231b39a23dc4da786eff8147c4e72b9807785afee48bb', 'milie', '2021-11-11 08:35:23', '2021-11-11 08:35:23'),
	(81, 'qa1', 'ca978112ca1bbdcafac231b39a23dc4da786eff8147c4e72b9807785afee48bb', 'qa1', '2021-11-11 08:35:24', '2021-11-11 08:35:24'),
	(82, 'qa2', 'ca978112ca1bbdcafac231b39a23dc4da786eff8147c4e72b9807785afee48bb', 'qa2', '2021-11-11 08:35:24', '2021-11-11 08:35:24'),
	(83, 'admin', 'ca978112ca1bbdcafac231b39a23dc4da786eff8147c4e72b9807785afee48bb', 'admin', '2021-11-30 13:00:33', '2021-11-30 13:00:33'),
	(84, 'dilanka', 'ca978112ca1bbdcafac231b39a23dc4da786eff8147c4e72b9807785afee48bb', 'dilanka', '2021-11-30 13:24:19', '2021-11-30 13:24:19'),
	(85, 'admin', 'ca978112ca1bbdcafac231b39a23dc4da786eff8147c4e72b9807785afee48bb', 'admin', '2021-11-30 13:36:38', '2021-11-30 13:36:38'),
	(86, 'ad1', 'ca978112ca1bbdcafac231b39a23dc4da786eff8147c4e72b9807785afee48bb', 'ad1', '2021-12-01 18:05:25', '2021-12-01 18:05:25'),
	(87, 'ad', 'ca978112ca1bbdcafac231b39a23dc4da786eff8147c4e72b9807785afee48bb', 'ad', '2021-12-01 18:14:45', '2021-12-01 18:14:45'),
	(88, 'ad', 'ca978112ca1bbdcafac231b39a23dc4da786eff8147c4e72b9807785afee48bb', 'ad', '2021-12-01 18:15:08', '2021-12-01 18:15:08'),
	(89, 'admin', 'ca978112ca1bbdcafac231b39a23dc4da786eff8147c4e72b9807785afee48bb', 'admin', '2021-12-01 18:27:29', '2021-12-01 18:27:29'),
	(90, 'admin', '6b51d431df5d7f141cbececcf79edf3dd861c3b4069f0b11661a3eefacbba918', 'admin', '2021-12-01 19:18:35', '2021-12-01 19:18:35'),
	(91, 'admin', 'ca978112ca1bbdcafac231b39a23dc4da786eff8147c4e72b9807785afee48bb', 'admin', '2021-12-02 09:12:53', '2021-12-02 09:12:53'),
	(92, 'dilanka', 'ca978112ca1bbdcafac231b39a23dc4da786eff8147c4e72b9807785afee48bb', 'dilanka', '2021-12-02 13:40:16', '2021-12-02 13:40:16'),
	(93, 'ad1', 'ca978112ca1bbdcafac231b39a23dc4da786eff8147c4e72b9807785afee48bb', 'ad1', '2021-12-02 16:29:44', '2021-12-02 16:29:44'),
	(94, 'ad', 'ca978112ca1bbdcafac231b39a23dc4da786eff8147c4e72b9807785afee48bb', 'ad', '2021-12-06 12:08:10', '2021-12-06 12:08:10'),
	(95, 'ad', 'fb8e20fc2e4c3f248c60c39bd652f3c1347298bb977b8b4d5903b85055620603', 'ad', '2021-12-06 12:09:03', '2021-12-06 12:09:03'),
	(96, 'ad', 'ca978112ca1bbdcafac231b39a23dc4da786eff8147c4e72b9807785afee48bb', 'ad', '2021-12-06 12:15:45', '2021-12-06 12:15:45'),
	(97, 'ad', 'fb8e20fc2e4c3f248c60c39bd652f3c1347298bb977b8b4d5903b85055620603', 'ad', '2021-12-06 12:16:08', '2021-12-06 12:16:08'),
	(98, 'ad', 'ca978112ca1bbdcafac231b39a23dc4da786eff8147c4e72b9807785afee48bb', 'ad', '2021-12-06 12:16:41', '2021-12-06 12:16:41'),
	(99, 'ad', 'ca978112ca1bbdcafac231b39a23dc4da786eff8147c4e72b9807785afee48bb', 'ad', '2021-12-06 12:17:54', '2021-12-06 12:17:54'),
	(100, 'dilanka', 'ca978112ca1bbdcafac231b39a23dc4da786eff8147c4e72b9807785afee48bb', 'dilanka', '2021-12-06 12:36:01', '2021-12-06 12:36:01'),
	(101, 'qa1', 'ca978112ca1bbdcafac231b39a23dc4da786eff8147c4e72b9807785afee48bb', 'qa1', '2021-12-06 13:06:03', '2021-12-06 13:06:03'),
	(102, 'qa1', '961b6dd3ede3cb8ecbaacbd68de040cd78eb2ed5889130cceb4c49268ea4d506', 'qa1', '2021-12-06 13:10:30', '2021-12-06 13:10:30'),
	(103, 'qa2', 'ca978112ca1bbdcafac231b39a23dc4da786eff8147c4e72b9807785afee48bb', 'qa2', '2021-12-06 13:26:10', '2021-12-06 13:26:10'),
	(104, 'admin', 'ca978112ca1bbdcafac231b39a23dc4da786eff8147c4e72b9807785afee48bb', 'admin', '2021-12-06 13:35:53', '2021-12-06 13:35:53'),
	(105, 'kasun', 'ca978112ca1bbdcafac231b39a23dc4da786eff8147c4e72b9807785afee48bb', 'kasun', '2021-12-06 13:38:28', '2021-12-06 13:38:28'),
	(106, 'kasun', 'fb8e20fc2e4c3f248c60c39bd652f3c1347298bb977b8b4d5903b85055620603', 'kasun', '2021-12-06 13:47:02', '2021-12-06 13:47:02'),
	(107, 'admin', 'fb8e20fc2e4c3f248c60c39bd652f3c1347298bb977b8b4d5903b85055620603', 'admin', '2021-12-06 13:54:39', '2021-12-06 13:54:39'),
	(108, 'admin', 'ca978112ca1bbdcafac231b39a23dc4da786eff8147c4e72b9807785afee48bb', 'admin', '2021-12-07 09:35:07', '2021-12-07 09:35:07'),
	(109, 'admin', '6b86b273ff34fce19d6b804eff5a3f5747ada4eaa22f1d49c01e52ddb7875b4b', 'admin', '2021-12-07 10:08:07', '2021-12-07 10:08:07'),
	(110, 'admin', 'ca978112ca1bbdcafac231b39a23dc4da786eff8147c4e72b9807785afee48bb', 'admin', '2021-12-07 12:52:38', '2021-12-07 12:52:38'),
	(111, 'admin', '6b86b273ff34fce19d6b804eff5a3f5747ada4eaa22f1d49c01e52ddb7875b4b', 'admin', '2021-12-07 12:53:18', '2021-12-07 12:53:18'),
	(112, 'admin', 'ca978112ca1bbdcafac231b39a23dc4da786eff8147c4e72b9807785afee48bb', 'admin', '2021-12-07 12:56:55', '2021-12-07 12:56:55'),
	(113, 'admin', '6b86b273ff34fce19d6b804eff5a3f5747ada4eaa22f1d49c01e52ddb7875b4b', 'admin', '2021-12-07 13:09:54', '2021-12-07 13:09:54'),
	(114, 'admin', 'ca978112ca1bbdcafac231b39a23dc4da786eff8147c4e72b9807785afee48bb', 'admin', '2021-12-07 13:10:26', '2021-12-07 13:10:26'),
	(115, 'admin', '6b86b273ff34fce19d6b804eff5a3f5747ada4eaa22f1d49c01e52ddb7875b4b', 'admin', '2021-12-07 13:11:38', '2021-12-07 13:11:38'),
	(116, 'admin', 'ca978112ca1bbdcafac231b39a23dc4da786eff8147c4e72b9807785afee48bb', 'admin', '2021-12-07 13:12:52', '2021-12-07 13:12:52'),
	(117, 'admin', '6b86b273ff34fce19d6b804eff5a3f5747ada4eaa22f1d49c01e52ddb7875b4b', 'admin', '2021-12-07 13:14:42', '2021-12-07 13:14:42'),
	(118, 'admin', 'ca978112ca1bbdcafac231b39a23dc4da786eff8147c4e72b9807785afee48bb', 'admin', '2021-12-07 13:15:23', '2021-12-07 13:15:23'),
	(119, 'admin', '6b86b273ff34fce19d6b804eff5a3f5747ada4eaa22f1d49c01e52ddb7875b4b', 'admin', '2021-12-07 13:20:58', '2021-12-07 13:20:58'),
	(120, 'admin', 'ca978112ca1bbdcafac231b39a23dc4da786eff8147c4e72b9807785afee48bb', 'admin', '2021-12-07 13:30:29', '2021-12-07 13:30:29'),
	(121, 'admin', 'ca978112ca1bbdcafac231b39a23dc4da786eff8147c4e72b9807785afee48bb', 'admin', '2021-12-07 14:05:01', '2021-12-07 14:05:01'),
	(122, 'admin', '6b86b273ff34fce19d6b804eff5a3f5747ada4eaa22f1d49c01e52ddb7875b4b', 'admin', '2021-12-07 14:08:01', '2021-12-07 14:08:01'),
	(123, 'admin', 'ca978112ca1bbdcafac231b39a23dc4da786eff8147c4e72b9807785afee48bb', 'admin', '2021-12-07 15:08:02', '2021-12-07 15:08:02'),
	(124, 'admin', '6b86b273ff34fce19d6b804eff5a3f5747ada4eaa22f1d49c01e52ddb7875b4b', 'admin', '2021-12-07 15:52:40', '2021-12-07 15:52:40'),
	(125, 'admin', 'c9b67c05980707d31bf0eb14d300b7fd3d2bfe69387cf3a31e1e77716e7dd66f', 'admin', '2021-12-07 17:21:13', '2021-12-07 17:21:13'),
	(126, 'admin', 'c9b67c05980707d31bf0eb14d300b7fd3d2bfe69387cf3a31e1e77716e7dd66f', 'admin', '2021-12-07 17:24:24', '2021-12-07 17:24:24'),
	(127, 'admin', 'c9b67c05980707d31bf0eb14d300b7fd3d2bfe69387cf3a31e1e77716e7dd66f', 'admin', '2021-12-07 17:26:20', '2021-12-07 17:26:20'),
	(128, 'admin', 'c9b67c05980707d31bf0eb14d300b7fd3d2bfe69387cf3a31e1e77716e7dd66f', 'admin', '2021-12-07 17:28:46', '2021-12-07 17:28:46'),
	(129, 'kasun', 'ca978112ca1bbdcafac231b39a23dc4da786eff8147c4e72b9807785afee48bb', 'kasun', '2021-12-09 10:26:10', '2021-12-09 10:26:10'),
	(130, 'kasun', 'cd436ecb0165a8220d7209adb0881967b8b7c07502661f7665dc1060be5cbacf', 'kasun', '2021-12-09 11:10:32', '2021-12-09 11:10:32'),
	(131, 'kasun', '4b656e708a67767cdfce3e9fc5cb10b199453910537400cf66112450d05501f9', 'kasun', '2021-12-09 11:11:08', '2021-12-09 11:11:08'),
	(132, 'kasun', '2d111bdbc8506184535e5460c9e64ced16412db25f1d2c4a8cdff253dd1fdd77', 'kasun', '2021-12-09 11:15:08', '2021-12-09 11:15:08'),
	(133, 'kasun', '5d1e6446026e1f15519370ded163c020cc441c928cd15fb5d39a70f73ce0397c', 'kasun', '2021-12-09 11:15:48', '2021-12-09 11:15:48'),
	(134, 'kasun', 'cd436ecb0165a8220d7209adb0881967b8b7c07502661f7665dc1060be5cbacf', 'kasun', '2021-12-09 11:18:50', '2021-12-09 11:18:50'),
	(135, 'kasun', '8683d2640fb858da5394f7d8089462fee0747c7ef15fa18a103b6d2d00df232f', 'kasun', '2021-12-09 11:19:34', '2021-12-09 11:19:34'),
	(136, 'kasun', 'e0c4b4e3c86403ce3a1ad1059afd6239b3a038f8cbb058d7b6bbcc8abcc0cc8a', 'kasun', '2021-12-09 11:24:00', '2021-12-09 11:24:00'),
	(137, 'kasun', '23e556b29042efeeed876949b4e78aa1d9061bd5ae91803b7db1c0d947c33eaf', 'kasun', '2021-12-09 11:24:28', '2021-12-09 11:24:28'),
	(138, 'kasun', '3e6e6bbb7e38ff6b0c083159439b0ef9743cc5ef868040d6e7597cfad3c570cc', 'kasun', '2021-12-09 11:26:41', '2021-12-09 11:26:41'),
	(139, 'kasun', '4b656e708a67767cdfce3e9fc5cb10b199453910537400cf66112450d05501f9', 'kasun', '2021-12-09 11:55:02', '2021-12-09 11:55:02'),
	(140, 'qan', 'ca978112ca1bbdcafac231b39a23dc4da786eff8147c4e72b9807785afee48bb', 'qan', '2021-12-09 15:23:51', '2021-12-09 15:23:51'),
	(141, 'di1', 'ca978112ca1bbdcafac231b39a23dc4da786eff8147c4e72b9807785afee48bb', 'di1', '2021-12-10 09:59:18', '2021-12-10 09:59:18'),
	(142, 'jayana', 'ca978112ca1bbdcafac231b39a23dc4da786eff8147c4e72b9807785afee48bb', 'jayana', '2022-06-25 15:11:08', '2022-06-25 15:11:08');
/*!40000 ALTER TABLE `web_passwordhistory` ENABLE KEYS */;

CREATE TABLE IF NOT EXISTS `web_passwordpolicy` (
  `PASSWORDPOLICYID` int(11) NOT NULL,
  `MINIMUMLENGTH` bigint(20) DEFAULT NULL,
  `MAXIMUMLENGTH` bigint(20) DEFAULT NULL,
  `MINIMUMSPECIALCHARACTERS` bigint(20) DEFAULT NULL,
  `MINIMUMUPPERCASECHARACTERS` bigint(20) DEFAULT NULL,
  `MINIMUMNUMERICALCHARACTERS` bigint(20) DEFAULT NULL,
  `MINIMUMLOWERCASECHARACTERS` bigint(20) DEFAULT NULL,
  `LASTUPDATEDUSER` varchar(32) DEFAULT NULL,
  `LASTUPDATEDTIME` datetime DEFAULT current_timestamp(),
  `CREATETIME` datetime DEFAULT current_timestamp(),
  `NOOFINVALIDLOGINATTEMPT` bigint(20) DEFAULT NULL,
  `REPEATCHARACTERSALLOW` bigint(20) DEFAULT NULL,
  `INITIALPASSWORDEXPIRYSTATUS` bigint(20) DEFAULT NULL,
  `PASSWORDEXPIRYPERIOD` bigint(20) DEFAULT NULL,
  `NOOFHISTORYPASSWORD` bigint(20) DEFAULT NULL,
  `MINIMUMPASSWORDCHANGEPERIOD` bigint(20) DEFAULT NULL,
  `IDLEACCOUNTEXPIRYPERIOD` bigint(20) DEFAULT NULL,
  `DESCRIPTION` varchar(64) DEFAULT NULL,
  PRIMARY KEY (`PASSWORDPOLICYID`)
) ENGINE=InnoDB DEFAULT CHARSET=latin1;

/*!40000 ALTER TABLE `web_passwordpolicy` DISABLE KEYS */;
INSERT INTO `web_passwordpolicy` (`PASSWORDPOLICYID`, `MINIMUMLENGTH`, `MAXIMUMLENGTH`, `MINIMUMSPECIALCHARACTERS`, `MINIMUMUPPERCASECHARACTERS`, `MINIMUMNUMERICALCHARACTERS`, `MINIMUMLOWERCASECHARACTERS`, `LASTUPDATEDUSER`, `LASTUPDATEDTIME`, `CREATETIME`, `NOOFINVALIDLOGINATTEMPT`, `REPEATCHARACTERSALLOW`, `INITIALPASSWORDEXPIRYSTATUS`, `PASSWORDEXPIRYPERIOD`, `NOOFHISTORYPASSWORD`, `MINIMUMPASSWORDCHANGEPERIOD`, `IDLEACCOUNTEXPIRYPERIOD`, `DESCRIPTION`) VALUES
	(1, 4, 7, 1, 1, 1, 1, 'admin', '2021-12-09 15:22:17', '2021-01-20 00:00:00', 300, 1, 0, 500, 1, 100, 100, 'Admin User Password');
/*!40000 ALTER TABLE `web_passwordpolicy` ENABLE KEYS */;

CREATE TABLE IF NOT EXISTS `web_section` (
  `SECTIONCODE` varchar(16) NOT NULL,
  `DESCRIPTION` varchar(64) DEFAULT NULL,
  `SORTKEY` int(11) DEFAULT NULL,
  `STATUS` varchar(16) DEFAULT NULL,
  `LASTUPDATEDUSER` varchar(64) DEFAULT NULL,
  `LASTUPDATEDTIME` datetime DEFAULT current_timestamp(),
  `CREATEDTIME` datetime DEFAULT current_timestamp(),
  `CREATEDUSER` varchar(64) DEFAULT NULL,
  PRIMARY KEY (`SECTIONCODE`),
  KEY `WEB_SECTION_STATUS_FK` (`STATUS`),
  CONSTRAINT `WEB_SECTION_STATUS_FK` FOREIGN KEY (`STATUS`) REFERENCES `status` (`STATUSCODE`)
) ENGINE=InnoDB DEFAULT CHARSET=latin1;

/*!40000 ALTER TABLE `web_section` DISABLE KEYS */;
INSERT INTO `web_section` (`SECTIONCODE`, `DESCRIPTION`, `SORTKEY`, `STATUS`, `LASTUPDATEDUSER`, `LASTUPDATEDTIME`, `CREATEDTIME`, `CREATEDUSER`) VALUES
	('ATLM', ' Alert Type Telco Management', 8, 'ACT', 'admin', '2021-11-30 15:23:40', '2021-01-22 00:00:00', NULL),
	('CTMT', ' Category Telco Management', 1, 'DEACT', 'admin', '2021-11-30 15:23:45', '2021-03-30 00:00:00', NULL),
	('CUSM', 'Customer Management', 10, 'ACT', 'admin', '2021-03-30 00:00:00', '2021-01-18 00:00:00', NULL),
	('REEX', 'Reports', 5, 'ACT', 'admin', '2021-03-16 00:00:00', '2021-03-16 00:00:00', NULL),
	('SCMT', 'Section Management', 7, 'ACT', 'dilanka', '2021-03-30 00:00:00', '2021-03-29 00:00:00', NULL),
	('SCSC', 'System Configuration Management', 2, 'ACT', 'admin', '2021-01-19 00:00:00', '2021-01-19 00:00:00', NULL),
	('SMSS', 'SMS Management', 8, 'ACT', 'dinesh', '2018-10-03 00:00:00', '2016-11-25 00:00:00', NULL),
	('SYAU', 'System Audit', 3, 'ACT', 'admin', '2021-01-22 00:00:00', '2021-01-22 00:00:00', NULL),
	('TSMT', 'Task Management', 4, 'DEACT', 'admin', '2021-03-30 00:00:00', '2021-03-30 00:00:00', NULL),
	('UMSC', 'User Settings', 10, 'ACT', 'admin', '2021-03-30 00:00:00', '2021-01-18 00:00:00', NULL);
/*!40000 ALTER TABLE `web_section` ENABLE KEYS */;

CREATE TABLE IF NOT EXISTS `web_sectionpage` (
  `USERROLE` varchar(16) NOT NULL,
  `SECTION` varchar(16) NOT NULL,
  `PAGE` varchar(16) NOT NULL,
  `LASTUPDATEDUSER` varchar(64) DEFAULT NULL,
  `LASTUPDATEDTIME` datetime DEFAULT current_timestamp(),
  `CREATETIME` datetime DEFAULT current_timestamp(),
  PRIMARY KEY (`USERROLE`,`SECTION`,`PAGE`),
  KEY `WEB_SECTIONPAGE_SECTION_FK` (`SECTION`),
  KEY `WEB_SECTIONPAGE_PAGE_FK` (`PAGE`),
  CONSTRAINT `WEB_SECTIONPAGE_PAGE_FK` FOREIGN KEY (`PAGE`) REFERENCES `web_page` (`PAGECODE`),
  CONSTRAINT `WEB_SECTIONPAGE_SECTION_FK` FOREIGN KEY (`SECTION`) REFERENCES `web_section` (`SECTIONCODE`),
  CONSTRAINT `WEB_SECTIONPAGE_USERROLE_FK` FOREIGN KEY (`USERROLE`) REFERENCES `userrole` (`USERROLECODE`)
) ENGINE=InnoDB DEFAULT CHARSET=latin1;

/*!40000 ALTER TABLE `web_sectionpage` DISABLE KEYS */;
INSERT INTO `web_sectionpage` (`USERROLE`, `SECTION`, `PAGE`, `LASTUPDATEDUSER`, `LASTUPDATEDTIME`, `CREATETIME`) VALUES
	('ADMIN', 'ATLM', 'CATM', 'admin', '2021-01-18 00:00:00', '2021-01-18 00:00:00'),
	('ADMIN', 'CUSM', 'CURE', 'admin', '2021-01-18 00:00:00', '2021-01-18 00:00:00'),
	('ADMIN', 'CUSM', 'CUSS', 'admin', '2021-01-18 00:00:00', '2021-01-18 00:00:00'),
	('ADMIN', 'REEX', 'SORT', 'admin', '2021-01-18 00:00:00', '2021-01-18 00:00:00'),
	('ADMIN', 'REEX', 'SSRT', 'admin', '2021-01-18 00:00:00', '2021-01-18 00:00:00'),
	('ADMIN', 'SCSC', 'CLAIMS', 'dilanka', '2022-06-25 19:24:24', '2022-06-25 19:24:24'),
	('ADMIN', 'SCSC', 'PWPM', 'admin', '2021-01-19 00:00:00', '2021-01-19 00:00:00'),
	('ADMIN', 'SCSC', 'SUPPLIER', 'jayana', '2022-06-26 00:53:46', '2022-06-26 00:53:46'),
	('ADMIN', 'SCSC', 'UPMT', 'dilanka', '2021-11-20 06:56:43', '2021-11-20 06:56:43'),
	('ADMIN', 'SYAU', 'ATMT', 'admin', '2021-02-13 00:00:00', '2021-02-13 00:00:00'),
	('ADMIN', 'UMSC', 'PGMT', 'admin', '2021-01-18 00:00:00', '2021-01-18 00:00:00'),
	('ADMIN', 'UMSC', 'SCMT', 'admin', '2021-01-18 00:00:00', '2021-01-18 00:00:00'),
	('ADMIN', 'UMSC', 'TSMT', 'admin', '2021-01-18 00:00:00', '2021-01-18 00:00:00'),
	('ADMIN', 'UMSC', 'URMT', 'admin', '2021-01-18 00:00:00', '2021-01-18 00:00:00'),
	('ADMIN', 'UMSC', 'USMT', 'admin', '2021-01-18 00:00:00', '2021-01-18 00:00:00');
/*!40000 ALTER TABLE `web_sectionpage` ENABLE KEYS */;

CREATE TABLE IF NOT EXISTS `web_systemaudit` (
  `id` int(11) NOT NULL AUTO_INCREMENT,
  `userrole` varchar(50) DEFAULT NULL,
  `section` varchar(50) DEFAULT NULL,
  `page` varchar(50) DEFAULT NULL,
  `task` varchar(50) DEFAULT NULL,
  `ip` varchar(50) DEFAULT NULL,
  `remarks` varchar(50) DEFAULT NULL,
  `field` varchar(200) DEFAULT NULL,
  `oldvalue` varchar(500) DEFAULT NULL,
  `newvalue` varchar(500) DEFAULT NULL,
  `lastupdateduser` varchar(50) DEFAULT NULL,
  `description` varchar(50) DEFAULT NULL,
  `createtime` datetime DEFAULT NULL,
  `lastupdatedtime` datetime DEFAULT NULL,
  PRIMARY KEY (`id`)
) ENGINE=InnoDB AUTO_INCREMENT=548 DEFAULT CHARSET=utf8mb4;

/*!40000 ALTER TABLE `web_systemaudit` DISABLE KEYS */;
INSERT INTO `web_systemaudit` (`id`, `userrole`, `section`, `page`, `task`, `ip`, `remarks`, `field`, `oldvalue`, `newvalue`, `lastupdateduser`, `description`, `createtime`, `lastupdatedtime`) VALUES
	(1, 'ADMIN', NULL, 'LGIN', 'LOGN', '127.0.0.1', 'Login successfully', NULL, NULL, NULL, 'admin', NULL, NULL, NULL),
	(2, 'ADMIN', 'UMSC', 'USMT', 'VIEW', '127.0.0.1', NULL, NULL, NULL, NULL, 'admin', 'Get system user dual authentication search list.', NULL, NULL),
	(3, 'ADMIN', NULL, 'LGIN', 'LOGN', '127.0.0.1', 'Login successfully', NULL, NULL, NULL, 'admin', NULL, NULL, NULL),
	(4, 'ADMIN', 'UMSC', 'USMT', 'VIEW', '127.0.0.1', NULL, NULL, NULL, NULL, 'admin', 'Get system user dual authentication search list.', NULL, NULL),
	(5, 'ADMIN', NULL, 'LGIN', 'LOGN', '127.0.0.1', 'Login successfully', NULL, NULL, NULL, 'admin', NULL, NULL, NULL),
	(6, 'ADMIN', 'UMSC', 'USMT', 'VIEW', '127.0.0.1', NULL, NULL, NULL, NULL, 'admin', 'Get system user dual authentication search list.', NULL, NULL),
	(7, 'ADMIN', 'UMSC', 'USMT', 'VIEW', '127.0.0.1', NULL, NULL, NULL, NULL, 'admin', 'Get system user dual authentication search list.', NULL, NULL),
	(8, 'ADMIN', NULL, 'LGIN', 'LOGN', '127.0.0.1', 'Login successfully', NULL, NULL, NULL, 'dilanka', NULL, NULL, NULL),
	(9, 'ADMIN', 'UMSC', 'USMT', 'VIEW', '127.0.0.1', NULL, NULL, NULL, NULL, 'dilanka', 'Get system user search list.', NULL, NULL),
	(10, 'ADMIN', 'UMSC', 'USMT', 'VIEW', '127.0.0.1', NULL, NULL, NULL, NULL, 'dilanka', 'Get system user dual authentication search list.', NULL, NULL),
	(11, 'ADMIN', 'UMSC', 'USMT', 'VIEW', '127.0.0.1', NULL, NULL, NULL, NULL, 'dilanka', 'Get system user search list.', NULL, NULL),
	(12, '322', NULL, 'LGIN', 'LOGN', '127.0.0.1', 'Login successful | First Time Login', NULL, NULL, NULL, 'jayana', NULL, NULL, NULL),
	(13, '322', NULL, 'LGIN', 'LOGN', '127.0.0.1', 'Login successfully', NULL, NULL, NULL, 'jayana', NULL, NULL, NULL),
	(14, 'ADMIN', NULL, 'LGIN', 'LOGN', '127.0.0.1', 'Login successfully', NULL, NULL, NULL, 'admin', NULL, NULL, NULL),
	(15, 'ADMIN', 'SCSC', 'SCMT', 'VIEW', '127.0.0.1', NULL, NULL, NULL, NULL, 'admin', 'Get section search list.', NULL, NULL),
	(16, 'ADMIN', 'SCSC', 'SCMT', 'VIEW', '127.0.0.1', NULL, NULL, NULL, NULL, 'admin', 'Get section search list.', NULL, NULL),
	(17, 'ADMIN', 'UMSC', 'USMT', 'VIEW', '127.0.0.1', NULL, NULL, NULL, NULL, 'admin', 'Get system user dual authentication search list.', NULL, NULL),
	(18, 'ADMIN', 'UMSC', 'TSMT', 'VIEW', '127.0.0.1', NULL, NULL, NULL, NULL, 'admin', 'Get Task search list.', NULL, NULL),
	(19, 'ADMIN', 'UMSC', 'USMT', 'VIEW', '127.0.0.1', NULL, NULL, NULL, NULL, 'admin', 'Get system user search list.', NULL, NULL),
	(20, 'ADMIN', 'UMSC', 'USMT', 'VIEW', '127.0.0.1', NULL, NULL, NULL, NULL, 'admin', 'Get system user dual authentication search list.', NULL, NULL),
	(21, 'ADMIN', 'UMSC', 'PGMT', 'VIEW', '127.0.0.1', NULL, NULL, NULL, NULL, 'admin', 'Get page search list.', NULL, NULL),
	(22, 'ADMIN', 'UMSC', 'URMT', 'VIEW', '127.0.0.1', NULL, NULL, NULL, NULL, 'admin', 'Get user role search list.', NULL, NULL),
	(23, 'ADMIN', 'UMSC', 'URMT', 'VIEW', '127.0.0.1', NULL, NULL, NULL, NULL, 'admin', 'Get user role dual authentication search list.', NULL, NULL),
	(24, 'ADMIN', 'UMSC', 'TSMT', 'VIEW', '127.0.0.1', NULL, NULL, NULL, NULL, 'admin', 'Get Task search list.', NULL, NULL),
	(25, 'ADMIN', 'SCSC', 'PWPM', 'VIEW', '127.0.0.1', NULL, NULL, NULL, NULL, 'admin', 'Get password policy search list.', NULL, NULL),
	(26, 'ADMIN', 'SCSC', 'PWPM', 'VIEW', '127.0.0.1', NULL, NULL, NULL, NULL, 'admin', 'Get password policy search list.', NULL, NULL),
	(27, 'ADMIN', 'UMSC', 'USMT', 'VIEW', '127.0.0.1', NULL, NULL, NULL, NULL, 'admin', 'Get system user search list.', NULL, NULL),
	(28, 'ADMIN', 'UMSC', 'USMT', 'VIEW', '127.0.0.1', NULL, NULL, NULL, NULL, 'admin', 'Get system user dual authentication search list.', NULL, NULL),
	(29, 'ADMIN', 'SCSC', 'SCMT', 'VIEW', '127.0.0.1', NULL, NULL, NULL, NULL, 'admin', 'Get section search list.', NULL, NULL),
	(30, 'ADMIN', 'UMSC', 'USMT', 'VIEW', '127.0.0.1', NULL, NULL, NULL, NULL, 'admin', 'Get system user search list.', NULL, NULL),
	(31, 'ADMIN', 'UMSC', 'USMT', 'VIEW', '127.0.0.1', NULL, NULL, NULL, NULL, 'admin', 'Get system user dual authentication search list.', NULL, NULL),
	(32, 'ADMIN', 'UMSC', 'USMT', 'VIEW', '127.0.0.1', NULL, NULL, NULL, NULL, 'admin', 'Get system user search list.', NULL, NULL),
	(33, 'ADMIN', 'UMSC', 'USMT', 'VIEW', '127.0.0.1', NULL, NULL, NULL, NULL, 'admin', 'Get system user dual authentication search list.', NULL, NULL),
	(34, 'ADMIN', NULL, 'LGIN', 'LOGN', '127.0.0.1', 'Login successfully', NULL, NULL, NULL, 'dilanka', NULL, NULL, NULL),
	(35, 'ADMIN', 'UMSC', 'USMT', 'VIEW', '127.0.0.1', NULL, NULL, NULL, NULL, 'dilanka', 'Get system user search list.', NULL, NULL),
	(36, 'ADMIN', 'UMSC', 'USMT', 'VIEW', '127.0.0.1', NULL, NULL, NULL, NULL, 'dilanka', 'Get system user dual authentication search list.', NULL, NULL),
	(37, 'ADMIN', 'UMSC', 'USMT', 'VIEW', '127.0.0.1', NULL, NULL, NULL, NULL, 'dilanka', 'Get system user dual authentication search list.', NULL, NULL),
	(38, 'ADMIN', 'UMSC', 'USMT', 'VIEW', '127.0.0.1', NULL, NULL, NULL, NULL, 'dilanka', 'Get system user dual authentication search list.', NULL, NULL),
	(39, 'ADMIN', NULL, 'LGIN', 'LOGN', '127.0.0.1', 'Login successfully', NULL, NULL, NULL, 'jayana', NULL, NULL, NULL),
	(40, 'ADMIN', NULL, 'LGIN', 'LOGN', '127.0.0.1', 'Login successfully', NULL, NULL, NULL, 'jayana', NULL, NULL, NULL),
	(41, 'ADMIN', NULL, 'LGIN', 'LOGN', '127.0.0.1', 'Login successfully', NULL, NULL, NULL, 'jayana', NULL, NULL, NULL),
	(42, 'ADMIN', 'UMSC', 'PGMT', 'VIEW', '127.0.0.1', NULL, NULL, NULL, NULL, 'jayana', 'Get page search list.', NULL, NULL),
	(43, 'ADMIN', 'UMSC', 'PGMT', 'VIEW', '127.0.0.1', NULL, NULL, NULL, NULL, 'jayana', 'Get page search list.', NULL, NULL),
	(44, 'ADMIN', 'UMSC', 'PGMT', 'VIEW', '127.0.0.1', NULL, NULL, NULL, NULL, 'jayana', 'Get page search list.', NULL, NULL),
	(45, 'ADMIN', 'UMSC', 'PGMT', 'VIEW', '127.0.0.1', NULL, NULL, NULL, NULL, 'jayana', 'Get page search list.', NULL, NULL),
	(46, 'ADMIN', 'UMSC', 'PGMT', 'VIEW', '127.0.0.1', NULL, NULL, NULL, NULL, 'jayana', 'Get page search list.', NULL, NULL),
	(47, 'ADMIN', 'UMSC', 'PGMT', 'VIEW', '127.0.0.1', NULL, NULL, NULL, NULL, 'jayana', 'Get page search list.', NULL, NULL),
	(48, 'ADMIN', 'UMSC', 'PGMT', 'VIEW', '127.0.0.1', NULL, NULL, NULL, NULL, 'jayana', 'Get page search list.', NULL, NULL),
	(49, 'ADMIN', 'UMSC', 'PGMT', 'VIEW', '127.0.0.1', NULL, NULL, NULL, NULL, 'jayana', 'Get page search list.', NULL, NULL),
	(50, 'ADMIN', 'UMSC', 'PGMT', 'VIEW', '127.0.0.1', NULL, NULL, NULL, NULL, 'jayana', 'Get page search list.', NULL, NULL),
	(51, 'ADMIN', 'UMSC', 'TSMT', 'VIEW', '127.0.0.1', NULL, NULL, NULL, NULL, 'jayana', 'Get Task search list.', NULL, NULL),
	(52, 'ADMIN', 'UMSC', 'TSMT', 'VIEW', '127.0.0.1', NULL, NULL, NULL, NULL, 'jayana', 'Get Task search list.', NULL, NULL),
	(53, 'ADMIN', NULL, 'LGIN', 'LOGN', '127.0.0.1', 'Login successfully', NULL, NULL, NULL, 'admin', NULL, NULL, NULL),
	(54, 'ADMIN', 'UMSC', 'TSMT', 'VIEW', '127.0.0.1', NULL, NULL, NULL, NULL, 'admin', 'Get Task search list.', NULL, NULL),
	(55, 'ADMIN', 'UMSC', 'TSMT', 'VIEW', '127.0.0.1', NULL, NULL, NULL, NULL, 'admin', 'Get Task search list.', NULL, NULL),
	(56, 'ADMIN', 'UMSC', 'TSMT', 'VIEW', '127.0.0.1', NULL, NULL, NULL, NULL, 'admin', 'Get Task search list.', NULL, NULL),
	(57, 'ADMIN', 'UMSC', 'TSMT', 'VIEW', '127.0.0.1', NULL, NULL, NULL, NULL, 'admin', 'Get Task search list.', NULL, NULL),
	(58, 'ADMIN', NULL, NULL, NULL, '127.0.0.1', NULL, NULL, NULL, NULL, 'admin', NULL, NULL, NULL),
	(59, 'ADMIN', NULL, NULL, NULL, '127.0.0.1', NULL, NULL, NULL, NULL, 'admin', NULL, NULL, NULL),
	(60, 'ADMIN', 'UMSC', 'TSMT', 'VIEW', '127.0.0.1', NULL, NULL, NULL, NULL, 'admin', 'Get Task search list.', NULL, NULL),
	(61, 'ADMIN', NULL, 'LGIN', 'LOGN', '127.0.0.1', 'Login successfully', NULL, NULL, NULL, 'jayana', NULL, NULL, NULL),
	(62, 'ADMIN', 'UMSC', 'TSMT', 'VIEW', '127.0.0.1', NULL, NULL, NULL, NULL, 'jayana', 'Get Task search list.', NULL, NULL),
	(63, 'ADMIN', 'UMSC', 'TSMT', 'VIEW', '127.0.0.1', NULL, NULL, NULL, NULL, 'jayana', 'Get task dual authentication search list.', NULL, NULL),
	(64, 'ADMIN', 'UMSC', 'TSMT', 'VIEW', '127.0.0.1', NULL, NULL, NULL, NULL, 'jayana', 'Get task dual authentication search list.', NULL, NULL),
	(65, 'ADMIN', 'UMSC', 'TSMT', 'VIEW', '127.0.0.1', NULL, NULL, NULL, NULL, 'jayana', 'Get Task search list.', NULL, NULL),
	(66, 'ADMIN', 'UMSC', 'TSMT', 'VIEW', '127.0.0.1', NULL, NULL, NULL, NULL, 'jayana', 'Get Task search list.', NULL, NULL),
	(67, 'ADMIN', 'UMSC', 'TSMT', 'VIEW', '127.0.0.1', NULL, NULL, NULL, NULL, 'jayana', 'Get Task search list.', NULL, NULL),
	(68, 'ADMIN', 'UMSC', 'TSMT', 'VIEW', '127.0.0.1', NULL, NULL, NULL, NULL, 'jayana', 'Get Task search list.', NULL, NULL),
	(69, 'ADMIN', 'UMSC', 'TSMT', 'VIEW', '127.0.0.1', NULL, NULL, NULL, NULL, 'jayana', 'Get Task search list.', NULL, NULL),
	(70, 'ADMIN', 'UMSC', 'TSMT', 'VIEW', '127.0.0.1', NULL, NULL, NULL, NULL, 'jayana', 'Get Task search list.', NULL, NULL),
	(71, 'ADMIN', 'UMSC', 'TSMT', 'VIEW', '127.0.0.1', NULL, NULL, NULL, NULL, 'jayana', 'Get Task search list.', NULL, NULL),
	(72, 'ADMIN', 'SCSC', 'UPMT', 'VIEW', '127.0.0.1', NULL, NULL, NULL, NULL, 'jayana', 'Get userparam search list.', NULL, NULL),
	(73, 'ADMIN', 'SCSC', 'UPMT', 'VIEW', '127.0.0.1', NULL, NULL, NULL, NULL, 'jayana', 'Get userparam search list.', NULL, NULL),
	(74, 'ADMIN', 'SCSC', 'UPMT', 'VIEW', '127.0.0.1', NULL, NULL, NULL, NULL, 'jayana', 'Get userparam search list.', NULL, NULL),
	(75, 'ADMIN', 'SCSC', 'UPMT', 'VIEW', '127.0.0.1', NULL, NULL, NULL, NULL, 'jayana', 'Get userparam search list.', NULL, NULL),
	(76, 'ADMIN', 'SCSC', 'UPMT', 'VIEW', '127.0.0.1', NULL, NULL, NULL, NULL, 'jayana', 'Get userparam search list.', NULL, NULL),
	(77, 'ADMIN', 'SCSC', 'UPMT', 'VIEW', '127.0.0.1', NULL, NULL, NULL, NULL, 'jayana', 'Get userparam search list.', NULL, NULL),
	(78, 'ADMIN', 'UMSC', 'USMT', 'VIEW', '127.0.0.1', NULL, NULL, NULL, NULL, 'jayana', 'Get system user search list.', NULL, NULL),
	(79, 'ADMIN', 'UMSC', 'USMT', 'VIEW', '127.0.0.1', NULL, NULL, NULL, NULL, 'jayana', 'Get system user dual authentication search list.', NULL, NULL),
	(80, 'ADMIN', 'UMSC', 'USMT', 'VIEW', '127.0.0.1', NULL, NULL, NULL, NULL, 'jayana', 'Get system user search list.', NULL, NULL),
	(81, 'ADMIN', 'UMSC', 'USMT', 'VIEW', '127.0.0.1', NULL, NULL, NULL, NULL, 'jayana', 'Get system user dual authentication search list.', NULL, NULL),
	(82, 'ADMIN', NULL, 'LGIN', 'LOGN', '127.0.0.1', 'Login successfully', NULL, NULL, NULL, 'jayana', NULL, NULL, NULL),
	(83, 'ADMIN', 'UMSC', 'URMT', 'VIEW', '127.0.0.1', NULL, NULL, NULL, NULL, 'jayana', 'Get user role search list.', NULL, NULL),
	(84, 'ADMIN', 'UMSC', 'URMT', 'VIEW', '127.0.0.1', NULL, NULL, NULL, NULL, 'jayana', 'Get user role dual authentication search list.', NULL, NULL),
	(85, 'ADMIN', 'UMSC', 'URMT', 'VIEW', '127.0.0.1', NULL, NULL, NULL, NULL, 'jayana', 'Get user role search list.', NULL, NULL),
	(86, 'ADMIN', 'UMSC', 'URMT', 'VIEW', '127.0.0.1', NULL, NULL, NULL, NULL, 'jayana', 'Get user role search list.', NULL, NULL),
	(87, 'ADMIN', 'UMSC', 'URMT', 'VIEW', '127.0.0.1', NULL, NULL, NULL, NULL, 'jayana', 'Get user role search list.', NULL, NULL),
	(88, 'ADMIN', NULL, 'LGIN', 'LOGN', '127.0.0.1', 'Login successfully', NULL, NULL, NULL, 'jayana', NULL, NULL, NULL),
	(89, 'ADMIN', 'UMSC', 'USMT', 'VIEW', '127.0.0.1', NULL, NULL, NULL, NULL, 'jayana', 'Get system user dual authentication search list.', NULL, NULL),
	(90, 'ADMIN', 'UMSC', 'USMT', 'VIEW', '127.0.0.1', NULL, NULL, NULL, NULL, 'jayana', 'Get system user dual authentication search list.', NULL, NULL),
	(91, 'ADMIN', 'UMSC', 'USMT', 'VIEW', '127.0.0.1', NULL, NULL, NULL, NULL, 'jayana', 'Get system user search list.', NULL, NULL),
	(92, 'ADMIN', 'UMSC', 'URMT', 'VIEW', '127.0.0.1', NULL, NULL, NULL, NULL, 'jayana', 'Get user role search list.', NULL, NULL),
	(93, 'ADMIN', 'UMSC', 'URMT', 'VIEW', '127.0.0.1', NULL, NULL, NULL, NULL, 'jayana', 'Get user role dual authentication search list.', NULL, NULL),
	(94, 'ADMIN', NULL, 'LGIN', 'LOGN', '127.0.0.1', 'Login successfully', NULL, NULL, NULL, 'jayana', NULL, NULL, NULL),
	(95, 'ADMIN', 'UMSC', 'USMT', 'VIEW', '127.0.0.1', NULL, NULL, NULL, NULL, 'jayana', 'Get system user search list.', NULL, NULL),
	(96, 'ADMIN', 'UMSC', 'USMT', 'VIEW', '127.0.0.1', NULL, NULL, NULL, NULL, 'jayana', 'Get system user search list.', NULL, NULL),
	(97, 'ADMIN', 'UMSC', 'URMT', 'VIEW', '127.0.0.1', NULL, NULL, NULL, NULL, 'jayana', 'Get user role search list.', NULL, NULL),
	(98, 'ADMIN', 'UMSC', 'URMT', 'VIEW', '127.0.0.1', NULL, NULL, NULL, NULL, 'jayana', 'Get user role dual authentication search list.', NULL, NULL),
	(99, 'ADMIN', 'UMSC', 'URMT', 'VIEW', '127.0.0.1', NULL, NULL, NULL, NULL, 'jayana', 'Get user role search list.', NULL, NULL),
	(100, 'ADMIN', 'UMSC', 'URMT', 'VIEW', '127.0.0.1', NULL, NULL, NULL, NULL, 'jayana', 'Get user role search list.', NULL, NULL),
	(101, 'ADMIN', 'UMSC', 'URMT', 'VIEW', '127.0.0.1', NULL, NULL, NULL, NULL, 'jayana', 'Get user role search list.', NULL, NULL),
	(102, 'ADMIN', 'UMSC', 'TSMT', 'VIEW', '127.0.0.1', NULL, NULL, NULL, NULL, 'jayana', 'Get Task search list.', NULL, NULL),
	(103, 'ADMIN', 'UMSC', 'TSMT', 'VIEW', '127.0.0.1', NULL, NULL, NULL, NULL, 'jayana', 'Get Task search list.', NULL, NULL),
	(104, 'ADMIN', 'SCSC', 'SCMT', 'VIEW', '127.0.0.1', NULL, NULL, NULL, NULL, 'jayana', 'Get section search list.', NULL, NULL),
	(105, 'ADMIN', 'UMSC', 'URMT', 'VIEW', '127.0.0.1', NULL, NULL, NULL, NULL, 'jayana', 'Get user role search list.', NULL, NULL),
	(106, 'ADMIN', 'UMSC', 'URMT', 'VIEW', '127.0.0.1', NULL, NULL, NULL, NULL, 'jayana', 'Get user role dual authentication search list.', NULL, NULL),
	(107, 'ADMIN', 'UMSC', 'URMT', 'VIEW', '127.0.0.1', NULL, NULL, NULL, NULL, 'jayana', 'Get user role search list.', NULL, NULL),
	(108, 'ADMIN', 'UMSC', 'URMT', 'VIEW', '127.0.0.1', NULL, NULL, NULL, NULL, 'jayana', 'Get user role dual authentication search list.', NULL, NULL),
	(109, 'ADMIN', 'UMSC', 'URMT', 'VIEW', '127.0.0.1', NULL, NULL, NULL, NULL, 'jayana', 'Get user role search list.', NULL, NULL),
	(110, 'ADMIN', 'UMSC', 'URMT', 'VIEW', '127.0.0.1', NULL, NULL, NULL, NULL, 'jayana', 'Get user role dual authentication search list.', NULL, NULL),
	(111, 'ADMIN', 'UMSC', 'URMT', 'VIEW', '127.0.0.1', NULL, NULL, NULL, NULL, 'jayana', 'Get user role search list.', NULL, NULL),
	(112, 'ADMIN', 'UMSC', 'URMT', 'VIEW', '127.0.0.1', NULL, NULL, NULL, NULL, 'jayana', 'Get user role dual authentication search list.', NULL, NULL),
	(113, 'ADMIN', NULL, 'LGIN', 'LOGN', '127.0.0.1', 'Login successfully', NULL, NULL, NULL, 'jayana', NULL, NULL, NULL),
	(114, 'ADMIN', 'UMSC', 'URMT', 'VIEW', '127.0.0.1', NULL, NULL, NULL, NULL, 'jayana', 'Get user role search list.', NULL, NULL),
	(115, 'ADMIN', 'UMSC', 'URMT', 'VIEW', '127.0.0.1', NULL, NULL, NULL, NULL, 'jayana', 'Get user role dual authentication search list.', NULL, NULL),
	(116, 'ADMIN', 'UMSC', 'URMT', 'VIEW', '127.0.0.1', NULL, NULL, NULL, NULL, 'jayana', 'Get user role search list.', NULL, NULL),
	(117, 'ADMIN', 'UMSC', 'URMT', 'VIEW', '127.0.0.1', NULL, NULL, NULL, NULL, 'jayana', 'Get user role dual authentication search list.', NULL, NULL),
	(118, 'ADMIN', 'SCSC', 'SCMT', 'VIEW', '127.0.0.1', NULL, NULL, NULL, NULL, 'jayana', 'Get section search list.', NULL, NULL),
	(119, 'ADMIN', 'UMSC', 'URMT', 'VIEW', '127.0.0.1', NULL, NULL, NULL, NULL, 'jayana', 'Get user role search list.', NULL, NULL),
	(120, 'ADMIN', 'UMSC', 'URMT', 'VIEW', '127.0.0.1', NULL, NULL, NULL, NULL, 'jayana', 'Get user role dual authentication search list.', NULL, NULL),
	(121, 'ADMIN', 'UMSC', 'PGMT', 'VIEW', '127.0.0.1', NULL, NULL, NULL, NULL, 'jayana', 'Get page search list.', NULL, NULL),
	(122, 'ADMIN', 'UMSC', 'PGMT', 'VIEW', '127.0.0.1', NULL, NULL, NULL, NULL, 'jayana', 'Get page search list.', NULL, NULL),
	(123, 'ADMIN', 'UMSC', 'PGMT', 'VIEW', '127.0.0.1', NULL, NULL, NULL, NULL, 'jayana', 'Get page search list.', NULL, NULL),
	(124, 'ADMIN', 'UMSC', 'PGMT', 'VIEW', '127.0.0.1', NULL, NULL, NULL, NULL, 'jayana', 'Get page search list.', NULL, NULL),
	(125, 'ADMIN', 'UMSC', 'PGMT', 'VIEW', '127.0.0.1', NULL, NULL, NULL, NULL, 'jayana', 'Get page search list.', NULL, NULL),
	(126, 'ADMIN', 'UMSC', 'PGMT', 'VIEW', '127.0.0.1', NULL, NULL, NULL, NULL, 'jayana', 'Get page search list.', NULL, NULL),
	(127, 'ADMIN', 'UMSC', 'PGMT', 'VIEW', '127.0.0.1', NULL, NULL, NULL, NULL, 'jayana', 'Get page search list.', NULL, NULL),
	(128, 'ADMIN', NULL, 'LGIN', 'LOGN', '127.0.0.1', 'Login successfully', NULL, NULL, NULL, 'dilanka', NULL, NULL, NULL),
	(129, 'ADMIN', 'SCSC', 'SCMT', 'VIEW', '127.0.0.1', NULL, NULL, NULL, NULL, 'dilanka', 'Get section search list.', NULL, NULL),
	(130, 'ADMIN', 'SCSC', 'SCMT', 'DEL', '127.0.0.1', NULL, NULL, NULL, NULL, 'dilanka', 'Requested to deleted section (code: sdds)', NULL, NULL),
	(131, 'ADMIN', 'SCSC', 'SCMT', 'VIEW', '127.0.0.1', NULL, NULL, NULL, NULL, 'dilanka', 'Get section search list.', NULL, NULL),
	(132, 'ADMIN', 'SCSC', 'SCMT', 'VIEW', '127.0.0.1', NULL, NULL, NULL, NULL, 'dilanka', 'Get section search list.', NULL, NULL),
	(133, 'ADMIN', NULL, NULL, NULL, '127.0.0.1', NULL, NULL, NULL, NULL, 'dilanka', NULL, NULL, NULL),
	(134, 'ADMIN', 'SCSC', 'SCMT', 'DEL', '127.0.0.1', NULL, NULL, NULL, NULL, 'dilanka', 'Requested to deleted section (code: 123)', NULL, NULL),
	(135, 'ADMIN', 'SCSC', 'SCMT', 'VIEW', '127.0.0.1', NULL, NULL, NULL, NULL, 'dilanka', 'Get section search list.', NULL, NULL),
	(136, 'ADMIN', 'SCSC', 'SCMT', 'VIEW', '127.0.0.1', NULL, NULL, NULL, NULL, 'dilanka', 'Get section search list.', NULL, NULL),
	(137, 'ADMIN', NULL, NULL, NULL, '127.0.0.1', NULL, NULL, NULL, NULL, 'dilanka', NULL, NULL, NULL),
	(138, 'ADMIN', 'SCSC', 'SCMT', 'DEL', '127.0.0.1', NULL, NULL, NULL, NULL, 'dilanka', 'Requested to deleted section (code: bv)', NULL, NULL),
	(139, 'ADMIN', 'SCSC', 'SCMT', 'VIEW', '127.0.0.1', NULL, NULL, NULL, NULL, 'dilanka', 'Get section search list.', NULL, NULL),
	(140, 'ADMIN', 'SCSC', 'SCMT', 'VIEW', '127.0.0.1', NULL, NULL, NULL, NULL, 'dilanka', 'Get section search list.', NULL, NULL),
	(141, 'ADMIN', NULL, NULL, NULL, '127.0.0.1', NULL, NULL, NULL, NULL, 'dilanka', NULL, NULL, NULL),
	(142, 'ADMIN', 'SCSC', 'SCMT', 'DEL', '127.0.0.1', NULL, NULL, NULL, NULL, 'dilanka', 'Requested to deleted section (code: test1)', NULL, NULL),
	(143, 'ADMIN', 'SCSC', 'SCMT', 'VIEW', '127.0.0.1', NULL, NULL, NULL, NULL, 'dilanka', 'Get section search list.', NULL, NULL),
	(144, 'ADMIN', 'SCSC', 'SCMT', 'VIEW', '127.0.0.1', NULL, NULL, NULL, NULL, 'dilanka', 'Get section search list.', NULL, NULL),
	(145, 'ADMIN', 'SCSC', 'SCMT', 'VIEW', '127.0.0.1', NULL, NULL, NULL, NULL, 'dilanka', 'Get section search list.', NULL, NULL),
	(146, 'ADMIN', NULL, 'LGIN', 'LOGN', '127.0.0.1', 'Login successfully', NULL, NULL, NULL, 'dilanka', NULL, NULL, NULL),
	(147, 'ADMIN', 'SCSC', 'SCMT', 'VIEW', '127.0.0.1', NULL, NULL, NULL, NULL, 'dilanka', 'Get section search list.', NULL, NULL),
	(148, 'ADMIN', 'SCSC', 'SCMT', 'VIEW', '127.0.0.1', NULL, NULL, NULL, NULL, 'dilanka', 'Get section search list.', NULL, NULL),
	(149, 'ADMIN', 'SCSC', 'SCMT', 'DEL', '127.0.0.1', NULL, NULL, NULL, NULL, 'dilanka', 'Requested to deleted section (code: S1)', NULL, NULL),
	(150, 'ADMIN', 'SCSC', 'SCMT', 'VIEW', '127.0.0.1', NULL, NULL, NULL, NULL, 'dilanka', 'Get section search list.', NULL, NULL),
	(151, 'ADMIN', NULL, NULL, NULL, '127.0.0.1', NULL, NULL, NULL, NULL, 'dilanka', NULL, NULL, NULL),
	(152, 'ADMIN', NULL, NULL, NULL, '127.0.0.1', NULL, NULL, NULL, NULL, 'dilanka', NULL, NULL, NULL),
	(153, 'ADMIN', 'SCSC', 'SCMT', 'VIEW', '127.0.0.1', NULL, NULL, NULL, NULL, 'dilanka', 'Get section search list.', NULL, NULL),
	(154, 'ADMIN', 'SCSC', 'SCMT', 'DEL', '127.0.0.1', NULL, NULL, NULL, NULL, 'dilanka', 'Requested to deleted section (code: S1)', NULL, NULL),
	(155, 'ADMIN', 'SCSC', 'SCMT', 'VIEW', '127.0.0.1', NULL, NULL, NULL, NULL, 'dilanka', 'Get section search list.', NULL, NULL),
	(156, 'ADMIN', 'SCSC', 'SCMT', 'VIEW', '127.0.0.1', NULL, NULL, NULL, NULL, 'dilanka', 'Get section search list.', NULL, NULL),
	(157, 'ADMIN', NULL, 'LGIN', 'LOGN', '127.0.0.1', 'Login successfully', NULL, NULL, NULL, 'admin', NULL, NULL, NULL),
	(158, 'ADMIN', 'SCSC', 'SCMT', 'VIEW', '127.0.0.1', NULL, NULL, NULL, NULL, 'admin', 'Get section search list.', NULL, NULL),
	(159, 'ADMIN', 'SCSC', 'SCMT', 'VIEW', '127.0.0.1', NULL, NULL, NULL, NULL, 'admin', 'Get section dual authentication search list.', NULL, NULL),
	(160, 'ADMIN', 'SCSC', 'SCMT', 'VIEW', '127.0.0.1', NULL, NULL, NULL, NULL, 'admin', 'Get section search list.', NULL, NULL),
	(161, 'ADMIN', 'SCSC', 'SCMT', 'VIEW', '127.0.0.1', NULL, NULL, NULL, NULL, 'admin', 'Get section search list.', NULL, NULL),
	(162, 'ADMIN', 'SCSC', 'SCMT', 'VIEW', '127.0.0.1', NULL, NULL, NULL, NULL, 'admin', 'Get section search list.', NULL, NULL),
	(163, 'ADMIN', 'SCSC', 'SCMT', 'VIEW', '127.0.0.1', NULL, NULL, NULL, NULL, 'admin', 'Get section search list.', NULL, NULL),
	(164, 'ADMIN', 'SCSC', 'SCMT', 'VIEW', '127.0.0.1', NULL, NULL, NULL, NULL, 'admin', 'Get section search list.', NULL, NULL),
	(165, 'ADMIN', NULL, 'LGIN', 'LOGN', '127.0.0.1', 'Login successfully', NULL, NULL, NULL, 'admin', NULL, NULL, NULL),
	(166, 'ADMIN', NULL, 'LGIN', 'LOGN', '127.0.0.1', 'Login successfully', NULL, NULL, NULL, 'admin', NULL, NULL, NULL),
	(167, 'ADMIN', 'UMSC', 'TSMT', 'VIEW', '127.0.0.1', NULL, NULL, NULL, NULL, 'admin', 'Get Task search list.', NULL, NULL),
	(168, 'ADMIN', 'SCSC', 'PWPM', 'VIEW', '127.0.0.1', NULL, NULL, NULL, NULL, 'admin', 'Get password policy search list.', NULL, NULL),
	(169, 'ADMIN', 'UMSC', 'TSMT', 'VIEW', '127.0.0.1', NULL, NULL, NULL, NULL, 'admin', 'Get Task search list.', NULL, NULL),
	(170, 'ADMIN', 'UMSC', 'USMT', 'VIEW', '127.0.0.1', NULL, NULL, NULL, NULL, 'admin', 'Get system user search list.', NULL, NULL),
	(171, 'ADMIN', 'SCSC', 'SCMT', 'VIEW', '127.0.0.1', NULL, NULL, NULL, NULL, 'admin', 'Get section search list.', NULL, NULL),
	(172, 'ADMIN', 'UMSC', 'PGMT', 'VIEW', '127.0.0.1', NULL, NULL, NULL, NULL, 'admin', 'Get page search list.', NULL, NULL),
	(173, 'ADMIN', NULL, 'LGIN', 'LOGN', '127.0.0.1', 'Login successfully', NULL, NULL, NULL, 'admin', NULL, NULL, NULL),
	(174, 'ADMIN', 'UMSC', 'URMT', 'VIEW', '127.0.0.1', NULL, NULL, NULL, NULL, 'admin', 'Get user role search list.', NULL, NULL),
	(175, 'ADMIN', 'UMSC', 'URMT', 'VIEW', '127.0.0.1', NULL, NULL, NULL, NULL, 'admin', 'Get user role search list.', NULL, NULL),
	(176, 'ADMIN', 'UMSC', 'URMT', 'VIEW', '127.0.0.1', NULL, NULL, NULL, NULL, 'admin', 'Get user role search list.', NULL, NULL),
	(177, 'ADMIN', NULL, NULL, NULL, '127.0.0.1', NULL, NULL, NULL, NULL, 'admin', NULL, NULL, NULL),
	(178, 'ADMIN', NULL, NULL, NULL, '127.0.0.1', NULL, NULL, NULL, NULL, 'admin', NULL, NULL, NULL),
	(179, 'ADMIN', NULL, 'LGIN', 'LOGN', '127.0.0.1', 'Login successfully', NULL, NULL, NULL, 'jayana', NULL, NULL, NULL),
	(180, 'ADMIN', 'UMSC', 'URMT', 'VIEW', '127.0.0.1', NULL, NULL, NULL, NULL, 'jayana', 'Get user role search list.', NULL, NULL),
	(181, 'ADMIN', 'UMSC', 'URMT', 'VIEW', '127.0.0.1', NULL, NULL, NULL, NULL, 'jayana', 'Get user role dual authentication search list.', NULL, NULL),
	(182, 'ADMIN', 'UMSC', 'URMT', 'VIEW', '127.0.0.1', NULL, NULL, NULL, NULL, 'jayana', 'Get user role search list.', NULL, NULL),
	(183, 'ADMIN', NULL, 'LGIN', 'LOGN', '127.0.0.1', 'Login successfully', NULL, NULL, NULL, 'jayana', NULL, NULL, NULL),
	(184, 'ADMIN', 'UMSC', 'URMT', 'VIEW', '127.0.0.1', NULL, NULL, NULL, NULL, 'jayana', 'Get user role search list.', NULL, NULL),
	(185, 'ADMIN', 'UMSC', 'URMT', 'VIEW', '127.0.0.1', NULL, NULL, NULL, NULL, 'jayana', 'Get user role search list.', NULL, NULL),
	(186, 'ADMIN', NULL, NULL, NULL, '127.0.0.1', NULL, NULL, NULL, NULL, 'jayana', NULL, NULL, NULL),
	(187, 'ADMIN', 'UMSC', 'URMT', 'VIEW', '127.0.0.1', NULL, NULL, NULL, NULL, 'jayana', 'Get user role search list.', NULL, NULL),
	(188, 'ADMIN', NULL, 'LGIN', 'LOGN', '127.0.0.1', 'Login successfully', NULL, NULL, NULL, 'jayana', NULL, NULL, NULL),
	(189, 'ADMIN', 'UMSC', 'URMT', 'VIEW', '127.0.0.1', NULL, NULL, NULL, NULL, 'jayana', 'Get user role search list.', NULL, NULL),
	(190, 'ADMIN', 'UMSC', 'USMT', 'VIEW', '127.0.0.1', NULL, NULL, NULL, NULL, 'jayana', 'Get system user search list.', NULL, NULL),
	(191, 'ADMIN', 'UMSC', 'USMT', 'VIEW', '127.0.0.1', NULL, NULL, NULL, NULL, 'jayana', 'Get system user search list.', NULL, NULL),
	(192, 'ADMIN', NULL, 'LGIN', 'LOGN', '127.0.0.1', 'Login successfully', NULL, NULL, NULL, 'jayana', NULL, NULL, NULL),
	(193, 'ADMIN', 'UMSC', 'PGMT', 'VIEW', '127.0.0.1', NULL, NULL, NULL, NULL, 'jayana', 'Get page search list.', NULL, NULL),
	(194, 'ADMIN', 'UMSC', 'URMT', 'VIEW', '127.0.0.1', NULL, NULL, NULL, NULL, 'jayana', 'Get user role search list.', NULL, NULL),
	(195, 'ADMIN', 'UMSC', 'URMT', 'VIEW', '127.0.0.1', NULL, NULL, NULL, NULL, 'jayana', 'Get user role search list.', NULL, NULL),
	(196, 'ADMIN', 'UMSC', 'URMT', 'VIEW', '127.0.0.1', NULL, NULL, NULL, NULL, 'jayana', 'Get user role search list.', NULL, NULL),
	(197, 'ADMIN', 'UMSC', 'URMT', 'VIEW', '127.0.0.1', NULL, NULL, NULL, NULL, 'jayana', 'Get user role search list.', NULL, NULL),
	(198, 'ADMIN', 'UMSC', 'URMT', 'VIEW', '127.0.0.1', NULL, NULL, NULL, NULL, 'jayana', 'Get user role search list.', NULL, NULL),
	(199, 'ADMIN', NULL, 'LGIN', 'LOGN', '127.0.0.1', 'Login successfully', NULL, NULL, NULL, 'dilanka', NULL, NULL, NULL),
	(200, 'ADMIN', 'SCSC', 'UPMT', 'VIEW', '127.0.0.1', NULL, NULL, NULL, NULL, 'dilanka', 'Get userparam search list.', NULL, NULL),
	(201, 'ADMIN', NULL, 'LGIN', 'LOGN', '127.0.0.1', 'Login successfully', NULL, NULL, NULL, 'dilanka', NULL, NULL, NULL),
	(202, 'ADMIN', 'SCSC', 'UPMT', 'VIEW', '127.0.0.1', NULL, NULL, NULL, NULL, 'dilanka', 'Get userparam search list.', NULL, NULL),
	(203, 'ADMIN', NULL, 'LGIN', 'LOGN', '127.0.0.1', 'Login successfully', NULL, NULL, NULL, 'dilanka', NULL, NULL, NULL),
	(204, 'ADMIN', 'SCSC', 'UPMT', 'VIEW', '127.0.0.1', NULL, NULL, NULL, NULL, 'dilanka', 'Get userparam search list.', NULL, NULL),
	(205, 'ADMIN', NULL, NULL, NULL, '127.0.0.1', NULL, NULL, NULL, NULL, 'dilanka', NULL, NULL, NULL),
	(206, 'ADMIN', 'SCSC', 'UPMT', 'VIEW', '127.0.0.1', NULL, NULL, NULL, NULL, 'dilanka', 'Get userparam search list.', NULL, NULL),
	(207, 'ADMIN', 'SCSC', 'UPMT', 'VIEW', '127.0.0.1', NULL, NULL, NULL, NULL, 'dilanka', 'Get userparam search list.', NULL, NULL),
	(208, 'ADMIN', 'SCSC', 'USMT', 'DEL', '127.0.0.1', NULL, NULL, NULL, NULL, 'dilanka', 'Userparam (paramCode: dvv) deleted by dilanka', NULL, NULL),
	(209, 'ADMIN', 'SCSC', 'UPMT', 'VIEW', '127.0.0.1', NULL, NULL, NULL, NULL, 'dilanka', 'Get userparam search list.', NULL, NULL),
	(210, 'ADMIN', NULL, 'LGIN', 'LOGN', '127.0.0.1', 'Login successfully', NULL, NULL, NULL, 'dilanka', NULL, NULL, NULL),
	(211, 'ADMIN', 'SCSC', 'UPMT', 'VIEW', '127.0.0.1', NULL, NULL, NULL, NULL, 'dilanka', 'Get userparam search list.', NULL, NULL),
	(212, 'ADMIN', 'SCSC', 'UPMT', 'VIEW', '127.0.0.1', NULL, NULL, NULL, NULL, 'dilanka', 'Get userparam search list.', NULL, NULL),
	(213, 'ADMIN', 'SCSC', 'UPMT', 'VIEW', '127.0.0.1', NULL, NULL, NULL, NULL, 'dilanka', 'Get userparam search list.', NULL, NULL),
	(214, 'ADMIN', 'SCSC', 'UPMT', 'VIEW', '127.0.0.1', NULL, NULL, NULL, NULL, 'dilanka', 'Get userparam search list.', NULL, NULL),
	(215, 'ADMIN', 'SCSC', 'UPMT', 'VIEW', '127.0.0.1', NULL, NULL, NULL, NULL, 'dilanka', 'Get userparam search list.', NULL, NULL),
	(216, 'ADMIN', 'SCSC', 'UPMT', 'VIEW', '127.0.0.1', NULL, NULL, NULL, NULL, 'dilanka', 'Get userparam search list.', NULL, NULL),
	(217, 'ADMIN', 'SCSC', 'UPMT', 'VIEW', '127.0.0.1', NULL, NULL, NULL, NULL, 'dilanka', 'Get userparam search list.', NULL, NULL),
	(218, 'ADMIN', 'SCSC', 'UPMT', 'VIEW', '127.0.0.1', NULL, NULL, NULL, NULL, 'dilanka', 'Get userparam search list.', NULL, NULL),
	(219, 'ADMIN', 'SCSC', 'UPMT', 'VIEW', '127.0.0.1', NULL, NULL, NULL, NULL, 'dilanka', 'Get userparam search list.', NULL, NULL),
	(220, 'ADMIN', 'SCSC', 'UPMT', 'VIEW', '127.0.0.1', NULL, NULL, NULL, NULL, 'dilanka', 'Get userparam search list.', NULL, NULL),
	(221, 'ADMIN', 'SCSC', 'SCMT', 'VIEW', '127.0.0.1', NULL, NULL, NULL, NULL, 'dilanka', 'Get section search list.', NULL, NULL),
	(222, 'ADMIN', 'UMSC', 'PGMT', 'VIEW', '127.0.0.1', NULL, NULL, NULL, NULL, 'dilanka', 'Get page search list.', NULL, NULL),
	(223, 'ADMIN', NULL, 'LGIN', 'LOGN', '127.0.0.1', 'Login successfully', NULL, NULL, NULL, 'dilanka', NULL, NULL, NULL),
	(224, 'ADMIN', 'UMSC', 'URMT', 'VIEW', '127.0.0.1', NULL, NULL, NULL, NULL, 'dilanka', 'Get user role search list.', NULL, NULL),
	(225, 'ADMIN', 'UMSC', 'URMT', 'VIEW', '127.0.0.1', NULL, NULL, NULL, NULL, 'dilanka', 'Get user role search list.', NULL, NULL),
	(226, 'ADMIN', 'UMSC', 'URMT', 'VIEW', '127.0.0.1', NULL, NULL, NULL, NULL, 'dilanka', 'Get user role search list.', NULL, NULL),
	(227, 'ADMIN', NULL, 'LGIN', 'LOGN', '127.0.0.1', 'Login successfully', NULL, NULL, NULL, 'dilanka', NULL, NULL, NULL),
	(228, 'ADMIN', NULL, 'LGIN', 'LOGN', '127.0.0.1', 'Login successfully', NULL, NULL, NULL, 'dilanka', NULL, NULL, NULL),
	(229, 'ADMIN', NULL, 'LGIN', 'LOGN', '127.0.0.1', 'Login successfully', NULL, NULL, NULL, 'dilanka', NULL, NULL, NULL),
	(230, 'ADMIN', 'UMSC', 'TSMT', 'VIEW', '127.0.0.1', NULL, NULL, NULL, NULL, 'dilanka', 'Get Task search list.', NULL, NULL),
	(231, 'ADMIN', 'SCSC', 'SCMT', 'VIEW', '127.0.0.1', NULL, NULL, NULL, NULL, 'dilanka', 'Get section search list.', NULL, NULL),
	(232, 'ADMIN', NULL, 'LGIN', 'LOGN', '127.0.0.1', 'Login successfully', NULL, NULL, NULL, 'dilanka', NULL, NULL, NULL),
	(233, 'ADMIN', 'UMSC', 'TSMT', 'VIEW', '127.0.0.1', NULL, NULL, NULL, NULL, 'dilanka', 'Get Task search list.', NULL, NULL),
	(234, 'ADMIN', 'UMSC', 'TSMT', 'VIEW', '127.0.0.1', NULL, NULL, NULL, NULL, 'dilanka', 'Get Task search list.', NULL, NULL),
	(235, 'ADMIN', 'UMSC', 'TSMT', 'VIEW', '127.0.0.1', NULL, NULL, NULL, NULL, 'dilanka', 'Get Task search list.', NULL, NULL),
	(236, 'ADMIN', NULL, 'LGIN', 'LOGN', '127.0.0.1', 'Login successfully', NULL, NULL, NULL, 'dilanka', NULL, NULL, NULL),
	(237, 'ADMIN', 'UMSC', 'URMT', 'VIEW', '127.0.0.1', NULL, NULL, NULL, NULL, 'dilanka', 'Get user role search list.', NULL, NULL),
	(238, 'ADMIN', 'SCSC', 'SCMT', 'VIEW', '127.0.0.1', NULL, NULL, NULL, NULL, 'dilanka', 'Get section search list.', NULL, NULL),
	(239, 'ADMIN', 'SCSC', 'SCMT', 'VIEW', '127.0.0.1', NULL, NULL, NULL, NULL, 'dilanka', 'Get section search list.', NULL, NULL),
	(240, 'ADMIN', NULL, 'LGIN', 'LOGN', '127.0.0.1', 'Login successfully', NULL, NULL, NULL, 'dilanka', NULL, NULL, NULL),
	(241, 'ADMIN', NULL, 'LGIN', 'LOGN', '127.0.0.1', 'Login successfully', NULL, NULL, NULL, 'dilanka', NULL, NULL, NULL),
	(242, 'ADMIN', NULL, 'LGIN', 'LOGN', '127.0.0.1', 'Login successfully', NULL, NULL, NULL, 'dilanka', NULL, NULL, NULL),
	(243, 'ADMIN', 'SCSC', 'SCMT', 'VIEW', '127.0.0.1', NULL, NULL, NULL, NULL, 'dilanka', 'Get section search list.', NULL, NULL),
	(244, 'ADMIN', NULL, 'LGIN', 'LOGN', '127.0.0.1', 'Login successfully', NULL, NULL, NULL, 'jayana', NULL, NULL, NULL),
	(245, 'ADMIN', 'UMSC', 'TSMT', 'VIEW', '127.0.0.1', NULL, NULL, NULL, NULL, 'jayana', 'Get Task search list.', NULL, NULL),
	(246, 'ADMIN', NULL, 'LGIN', 'LOGN', '127.0.0.1', 'Login successfully', NULL, NULL, NULL, 'jayana', NULL, NULL, NULL),
	(247, 'ADMIN', 'SCSC', 'UPMT', 'VIEW', '127.0.0.1', NULL, NULL, NULL, NULL, 'jayana', 'Get userparam search list.', NULL, NULL),
	(248, 'ADMIN', NULL, 'LGIN', 'LOGN', '127.0.0.1', 'Login successfully', NULL, NULL, NULL, 'jayana', NULL, NULL, NULL),
	(249, 'ADMIN', 'UMSC', 'URMT', 'VIEW', '127.0.0.1', NULL, NULL, NULL, NULL, 'jayana', 'Get user role search list.', NULL, NULL),
	(250, 'ADMIN', 'UMSC', 'URMT', 'VIEW', '127.0.0.1', NULL, NULL, NULL, NULL, 'jayana', 'Get user role search list.', NULL, NULL),
	(251, 'ADMIN', 'UMSC', 'URMT', 'VIEW', '127.0.0.1', NULL, NULL, NULL, NULL, 'jayana', 'Get user role search list.', NULL, NULL),
	(252, 'ADMIN', NULL, 'LGIN', 'LOGN', '127.0.0.1', 'Login successfully', NULL, NULL, NULL, 'jayana', NULL, NULL, NULL),
	(253, 'ADMIN', NULL, 'LGIN', 'LOGN', '127.0.0.1', 'Login successfully', NULL, NULL, NULL, 'jayana', NULL, NULL, NULL),
	(254, 'ADMIN', 'SCSC', 'PWPM', 'VIEW', '127.0.0.1', NULL, NULL, NULL, NULL, 'jayana', 'Get password policy search list.', NULL, NULL),
	(255, 'ADMIN', NULL, 'LGIN', 'LOGN', '127.0.0.1', 'Login successfully', NULL, NULL, NULL, 'jayana', NULL, NULL, NULL),
	(256, 'ADMIN', NULL, 'LGIN', 'LOGN', '127.0.0.1', 'Login successfully', NULL, NULL, NULL, 'jayana', NULL, NULL, NULL),
	(257, 'ADMIN', 'SCSC', 'SCMT', 'VIEW', '127.0.0.1', NULL, NULL, NULL, NULL, 'jayana', 'Get section search list.', NULL, NULL),
	(258, 'ADMIN', NULL, 'LGIN', 'LOGN', '127.0.0.1', 'Login successfully', NULL, NULL, NULL, 'jayana', NULL, NULL, NULL),
	(259, 'ADMIN', NULL, 'LGIN', 'LOGN', '127.0.0.1', 'Login successfully', NULL, NULL, NULL, 'jayana', NULL, NULL, NULL),
	(260, 'ADMIN', NULL, 'LGIN', 'LOGN', '127.0.0.1', 'Login successfully', NULL, NULL, NULL, 'jayana', NULL, NULL, NULL),
	(261, 'ADMIN', NULL, 'LGIN', 'LOGN', '127.0.0.1', 'Login successfully', NULL, NULL, NULL, 'jayana', NULL, NULL, NULL),
	(262, 'ADMIN', NULL, 'LGIN', 'LOGN', '127.0.0.1', 'Login successfully', NULL, NULL, NULL, 'jayana', NULL, NULL, NULL),
	(263, 'ADMIN', NULL, 'LGIN', 'LOGN', '127.0.0.1', 'Login successfully', NULL, NULL, NULL, 'jayana', NULL, NULL, NULL),
	(264, 'ADMIN', 'UMSC', 'TSMT', 'VIEW', '127.0.0.1', NULL, NULL, NULL, NULL, 'jayana', 'Get Task search list.', NULL, NULL),
	(265, 'ADMIN', NULL, 'LGIN', 'LOGN', '127.0.0.1', 'Login successfully', NULL, NULL, NULL, 'jayana', NULL, NULL, NULL),
	(266, 'ADMIN', 'UMSC', 'USMT', 'VIEW', '127.0.0.1', NULL, NULL, NULL, NULL, 'jayana', 'Get system user search list.', NULL, NULL),
	(267, 'ADMIN', 'UMSC', 'TSMT', 'VIEW', '127.0.0.1', NULL, NULL, NULL, NULL, 'jayana', 'Get Task search list.', NULL, NULL),
	(268, 'ADMIN', NULL, 'LGIN', 'LOGN', '127.0.0.1', 'Login successfully', NULL, NULL, NULL, 'jayana', NULL, NULL, NULL),
	(269, 'ADMIN', NULL, 'LGIN', 'LOGN', '127.0.0.1', 'Login successfully', NULL, NULL, NULL, 'jayana', NULL, NULL, NULL),
	(270, 'ADMIN', 'UMSC', 'PGMT', 'VIEW', '127.0.0.1', NULL, NULL, NULL, NULL, 'jayana', 'Get page search list.', NULL, NULL),
	(271, 'ADMIN', 'UMSC', 'PGMT', 'VIEW', '127.0.0.1', NULL, NULL, NULL, NULL, 'jayana', 'Get page search list.', NULL, NULL),
	(272, 'ADMIN', 'UMSC', 'PGMT', 'VIEW', '127.0.0.1', NULL, NULL, NULL, NULL, 'jayana', 'Get page search list.', NULL, NULL),
	(273, 'ADMIN', 'UMSC', 'PGMT', 'VIEW', '127.0.0.1', NULL, NULL, NULL, NULL, 'jayana', 'Get page search list.', NULL, NULL),
	(274, 'ADMIN', NULL, 'LGIN', 'LOGN', '127.0.0.1', 'Login successfully', NULL, NULL, NULL, 'jayana', NULL, NULL, NULL),
	(275, 'ADMIN', NULL, 'LGIN', 'LOGN', '127.0.0.1', 'Login successfully', NULL, NULL, NULL, 'jayana', NULL, NULL, NULL),
	(276, 'ADMIN', 'SCSC', 'SCMT', 'VIEW', '127.0.0.1', NULL, NULL, NULL, NULL, 'jayana', 'Get section search list.', NULL, NULL),
	(277, 'ADMIN', 'SCSC', 'SCMT', 'VIEW', '127.0.0.1', NULL, NULL, NULL, NULL, 'jayana', 'Get section search list.', NULL, NULL),
	(278, 'ADMIN', 'SCSC', 'SCMT', 'VIEW', '127.0.0.1', NULL, NULL, NULL, NULL, 'jayana', 'Get section search list.', NULL, NULL),
	(279, 'ADMIN', 'SCSC', 'SCMT', 'VIEW', '127.0.0.1', NULL, NULL, NULL, NULL, 'jayana', 'Get section search list.', NULL, NULL),
	(280, 'ADMIN', 'SCSC', 'SCMT', 'VIEW', '127.0.0.1', NULL, NULL, NULL, NULL, 'jayana', 'Get section search list.', NULL, NULL),
	(281, 'ADMIN', NULL, 'LGIN', 'LOGN', '127.0.0.1', 'Login successfully', NULL, NULL, NULL, 'jayana', NULL, NULL, NULL),
	(282, 'ADMIN', 'SCSC', 'SCMT', 'VIEW', '127.0.0.1', NULL, NULL, NULL, NULL, 'jayana', 'Get section search list.', NULL, NULL),
	(283, 'ADMIN', 'SCSC', 'SCMT', 'VIEW', '127.0.0.1', NULL, NULL, NULL, NULL, 'jayana', 'Get section search list.', NULL, NULL),
	(284, 'ADMIN', NULL, 'LGIN', 'LOGN', '127.0.0.1', 'Login successfully', NULL, NULL, NULL, 'jayana', NULL, NULL, NULL),
	(285, 'ADMIN', NULL, 'LGIN', 'LOGN', '127.0.0.1', 'Login successfully', NULL, NULL, NULL, 'jayana', NULL, NULL, NULL),
	(286, 'ADMIN', NULL, 'LGIN', 'LOGN', '127.0.0.1', 'Login successfully', NULL, NULL, NULL, 'jayana', NULL, NULL, NULL),
	(287, 'ADMIN', NULL, 'LGIN', 'LOGN', '127.0.0.1', 'Login successfully', NULL, NULL, NULL, 'jayana', NULL, NULL, NULL),
	(288, 'ADMIN', NULL, 'LGIN', 'LOGN', '127.0.0.1', 'Login successfully', NULL, NULL, NULL, 'jayana', NULL, NULL, NULL),
	(289, 'ADMIN', NULL, 'LGIN', 'LOGN', '127.0.0.1', 'Login successfully', NULL, NULL, NULL, 'jayana', NULL, NULL, NULL),
	(290, 'ADMIN', NULL, 'LGIN', 'LOGN', '127.0.0.1', 'Login successfully', NULL, NULL, NULL, 'jayana', NULL, NULL, NULL),
	(291, 'ADMIN', NULL, 'LGIN', 'LOGN', '127.0.0.1', 'Login successfully', NULL, NULL, NULL, 'jayana', NULL, NULL, NULL),
	(292, 'ADMIN', 'SCSC', 'SCMT', 'VIEW', '127.0.0.1', NULL, NULL, NULL, NULL, 'jayana', 'Get section search list.', NULL, NULL),
	(293, 'ADMIN', 'SCSC', 'SCMT', 'VIEW', '127.0.0.1', NULL, NULL, NULL, NULL, 'jayana', 'Get section search list.', NULL, NULL),
	(294, 'ADMIN', 'SCSC', 'SCMT', 'VIEW', '127.0.0.1', NULL, NULL, NULL, NULL, 'jayana', 'Get section search list.', NULL, NULL),
	(295, 'ADMIN', 'SCSC', 'SCMT', 'VIEW', '127.0.0.1', NULL, NULL, NULL, NULL, 'jayana', 'Get section search list.', NULL, NULL),
	(296, 'ADMIN', 'SCSC', 'SCMT', 'VIEW', '127.0.0.1', NULL, NULL, NULL, NULL, 'jayana', 'Get section search list.', NULL, NULL),
	(297, 'ADMIN', 'SCSC', 'PWPM', 'VIEW', '127.0.0.1', NULL, NULL, NULL, NULL, 'jayana', 'Get password policy search list.', NULL, NULL),
	(298, 'ADMIN', 'SCSC', 'UPMT', 'VIEW', '127.0.0.1', NULL, NULL, NULL, NULL, 'jayana', 'Get userparam search list.', NULL, NULL),
	(299, 'ADMIN', 'SCSC', 'SCMT', 'VIEW', '127.0.0.1', NULL, NULL, NULL, NULL, 'jayana', 'Get section search list.', NULL, NULL),
	(300, 'ADMIN', 'SCSC', 'SCMT', 'VIEW', '127.0.0.1', NULL, NULL, NULL, NULL, 'jayana', 'Get section search list.', NULL, NULL),
	(301, 'ADMIN', NULL, 'LGIN', 'LOGN', '127.0.0.1', 'Login successfully', NULL, NULL, NULL, 'jayana', NULL, NULL, NULL),
	(302, 'ADMIN', 'SCSC', 'SCMT', 'VIEW', '127.0.0.1', NULL, NULL, NULL, NULL, 'jayana', 'Get section search list.', NULL, NULL),
	(303, 'ADMIN', 'SCSC', 'SCMT', 'VIEW', '127.0.0.1', NULL, NULL, NULL, NULL, 'jayana', 'Get section search list.', NULL, NULL),
	(304, 'ADMIN', 'UMSC', 'TSMT', 'VIEW', '127.0.0.1', NULL, NULL, NULL, NULL, 'jayana', 'Get Task search list.', NULL, NULL),
	(305, 'ADMIN', 'UMSC', 'URMT', 'VIEW', '127.0.0.1', NULL, NULL, NULL, NULL, 'jayana', 'Get user role search list.', NULL, NULL),
	(306, 'ADMIN', 'SCSC', 'SCMT', 'VIEW', '127.0.0.1', NULL, NULL, NULL, NULL, 'jayana', 'Get section search list.', NULL, NULL),
	(307, 'ADMIN', 'SCSC', 'SCMT', 'VIEW', '127.0.0.1', NULL, NULL, NULL, NULL, 'jayana', 'Get section search list.', NULL, NULL),
	(308, 'ADMIN', 'SCSC', 'SCMT', 'VIEW', '127.0.0.1', NULL, NULL, NULL, NULL, 'jayana', 'Get section search list.', NULL, NULL),
	(309, 'ADMIN', 'SCSC', 'SCMT', 'VIEW', '127.0.0.1', NULL, NULL, NULL, NULL, 'jayana', 'Get section search list.', NULL, NULL),
	(310, 'ADMIN', 'SCSC', 'SCMT', 'VIEW', '127.0.0.1', NULL, NULL, NULL, NULL, 'jayana', 'Get section search list.', NULL, NULL),
	(311, 'ADMIN', 'SCSC', 'SCMT', 'VIEW', '127.0.0.1', NULL, NULL, NULL, NULL, 'jayana', 'Get section search list.', NULL, NULL),
	(312, 'ADMIN', NULL, 'LGIN', 'LOGN', '127.0.0.1', 'Login successfully', NULL, NULL, NULL, 'jayana', NULL, NULL, NULL),
	(313, 'ADMIN', 'SCSC', 'SCMT', 'VIEW', '127.0.0.1', NULL, NULL, NULL, NULL, 'jayana', 'Get section search list.', NULL, NULL),
	(314, 'ADMIN', NULL, 'LGIN', 'LOGN', '127.0.0.1', 'Login successfully', NULL, NULL, NULL, 'jayana', NULL, NULL, NULL),
	(315, 'ADMIN', NULL, 'LGIN', 'LOGN', '127.0.0.1', 'Login successfully', NULL, NULL, NULL, 'jayana', NULL, NULL, NULL),
	(316, 'ADMIN', NULL, 'LGIN', 'LOGN', '127.0.0.1', 'Login successfully', NULL, NULL, NULL, 'jayana', NULL, NULL, NULL),
	(317, 'ADMIN', 'SCSC', 'SUPPLIER', 'VIEW', '127.0.0.1', NULL, NULL, NULL, NULL, 'jayana', 'Get section search list.', NULL, NULL),
	(318, 'ADMIN', 'SCSC', 'SUPPLIER', 'VIEW', '127.0.0.1', NULL, NULL, NULL, NULL, 'jayana', 'Get section search list.', NULL, NULL),
	(319, 'ADMIN', NULL, 'LGIN', 'LOGN', '127.0.0.1', 'Login successfully', NULL, NULL, NULL, 'jayana', NULL, NULL, NULL),
	(320, 'ADMIN', 'SCSC', 'SUPPLIER', 'VIEW', '127.0.0.1', NULL, NULL, NULL, NULL, 'jayana', 'Get section search list.', NULL, NULL),
	(321, 'ADMIN', 'SCSC', 'SUPPLIER', 'VIEW', '127.0.0.1', NULL, NULL, NULL, NULL, 'jayana', 'Get section search list.', NULL, NULL),
	(322, 'ADMIN', NULL, 'SCMT', 'DEL', '127.0.0.1', NULL, NULL, NULL, NULL, 'jayana', 'Supplier (Code: SUP-0001) deleted by jayana', NULL, NULL),
	(323, 'ADMIN', 'SCSC', 'SUPPLIER', 'VIEW', '127.0.0.1', NULL, NULL, NULL, NULL, 'jayana', 'Get section search list.', NULL, NULL),
	(324, 'ADMIN', NULL, 'LGIN', 'LOGN', '127.0.0.1', 'Login successfully', NULL, NULL, NULL, 'jayana', NULL, NULL, NULL),
	(325, 'ADMIN', 'SCSC', 'SUPPLIER', 'VIEW', '127.0.0.1', NULL, NULL, NULL, NULL, 'jayana', 'Get section search list.', NULL, NULL),
	(326, 'ADMIN', 'SCSC', 'SUPPLIER', 'VIEW', '127.0.0.1', NULL, NULL, NULL, NULL, 'jayana', 'Get section search list.', NULL, NULL),
	(327, 'ADMIN', NULL, 'LGIN', 'LOGN', '127.0.0.1', 'Login successfully', NULL, NULL, NULL, 'jayana', NULL, NULL, NULL),
	(328, 'ADMIN', 'SCSC', 'PWPM', 'VIEW', '127.0.0.1', NULL, NULL, NULL, NULL, 'jayana', 'Get password policy search list.', NULL, NULL),
	(329, 'ADMIN', 'SCSC', 'SUPPLIER', 'VIEW', '127.0.0.1', NULL, NULL, NULL, NULL, 'jayana', 'Get section search list.', NULL, NULL),
	(330, 'ADMIN', 'SCSC', 'SUPPLIER', 'VIEW', '127.0.0.1', NULL, NULL, NULL, NULL, 'jayana', 'Get section search list.', NULL, NULL),
	(331, 'ADMIN', 'SCSC', 'SUPPLIER', 'VIEW', '127.0.0.1', NULL, NULL, NULL, NULL, 'jayana', 'Get section search list.', NULL, NULL),
	(332, 'ADMIN', 'SCSC', 'SUPPLIER', 'VIEW', '127.0.0.1', NULL, NULL, NULL, NULL, 'jayana', 'Get section search list.', NULL, NULL),
	(333, 'ADMIN', 'SCSC', 'SUPPLIER', 'VIEW', '127.0.0.1', NULL, NULL, NULL, NULL, 'jayana', 'Get section search list.', NULL, NULL),
	(334, 'ADMIN', 'SCSC', 'SUPPLIER', 'VIEW', '127.0.0.1', NULL, NULL, NULL, NULL, 'jayana', 'Get section search list.', NULL, NULL),
	(335, 'ADMIN', 'SCSC', 'SUPPLIER', 'VIEW', '127.0.0.1', NULL, NULL, NULL, NULL, 'jayana', 'Get section search list.', NULL, NULL),
	(336, 'ADMIN', 'SCSC', 'SUPPLIER', 'VIEW', '127.0.0.1', NULL, NULL, NULL, NULL, 'jayana', 'Get section search list.', NULL, NULL),
	(337, 'ADMIN', 'SCSC', 'SUPPLIER', 'VIEW', '127.0.0.1', NULL, NULL, NULL, NULL, 'jayana', 'Get section search list.', NULL, NULL),
	(338, 'ADMIN', NULL, 'LGIN', 'LOGN', '127.0.0.1', 'Login successfully', NULL, NULL, NULL, 'jayana', NULL, NULL, NULL),
	(339, 'ADMIN', 'SCSC', 'SUPPLIER', 'VIEW', '127.0.0.1', NULL, NULL, NULL, NULL, 'jayana', 'Get section search list.', NULL, NULL),
	(340, 'ADMIN', NULL, 'LGIN', 'LOGN', '127.0.0.1', 'Login successfully', NULL, NULL, NULL, 'jayana', NULL, NULL, NULL),
	(341, 'ADMIN', 'SCSC', 'SUPPLIER', 'VIEW', '127.0.0.1', NULL, NULL, NULL, NULL, 'jayana', 'Get section search list.', NULL, NULL),
	(342, 'ADMIN', NULL, 'LGIN', 'LOGN', '127.0.0.1', 'Login successfully', NULL, NULL, NULL, 'jayana', NULL, NULL, NULL),
	(343, 'ADMIN', 'SCSC', 'SUPPLIER', 'VIEW', '127.0.0.1', NULL, NULL, NULL, NULL, 'jayana', 'Get section search list.', NULL, NULL),
	(344, 'ADMIN', NULL, 'LGIN', 'LOGN', '127.0.0.1', 'Login successfully', NULL, NULL, NULL, 'jayana', NULL, NULL, NULL),
	(345, 'ADMIN', 'UMSC', 'USMT', 'VIEW', '127.0.0.1', NULL, NULL, NULL, NULL, 'jayana', 'Get system user search list.', NULL, NULL),
	(346, 'ADMIN', 'SCSC', 'SUPPLIER', 'VIEW', '127.0.0.1', NULL, NULL, NULL, NULL, 'jayana', 'Get section search list.', NULL, NULL),
	(347, 'ADMIN', 'SCSC', 'SUPPLIER', 'VIEW', '127.0.0.1', NULL, NULL, NULL, NULL, 'jayana', 'Get section search list.', NULL, NULL),
	(348, 'ADMIN', 'SCSC', 'SUPPLIER', 'VIEW', '127.0.0.1', NULL, NULL, NULL, NULL, 'jayana', 'Get section search list.', NULL, NULL),
	(349, 'ADMIN', 'SCSC', 'SUPPLIER', 'VIEW', '127.0.0.1', NULL, NULL, NULL, NULL, 'jayana', 'Get section search list.', NULL, NULL),
	(350, 'ADMIN', 'SCSC', 'SUPPLIER', 'VIEW', '127.0.0.1', NULL, NULL, NULL, NULL, 'jayana', 'Get section search list.', NULL, NULL),
	(351, 'ADMIN', NULL, 'LGIN', 'LOGN', '127.0.0.1', 'Login successfully', NULL, NULL, NULL, 'jayana', NULL, NULL, NULL),
	(352, 'ADMIN', 'SCSC', 'SUPPLIER', 'VIEW', '127.0.0.1', NULL, NULL, NULL, NULL, 'jayana', 'Get section search list.', NULL, NULL),
	(353, 'ADMIN', NULL, 'LGIN', 'LOGN', '127.0.0.1', 'Login successfully', NULL, NULL, NULL, 'jayana', NULL, NULL, NULL),
	(354, 'ADMIN', 'SCSC', 'SUPPLIER', 'VIEW', '127.0.0.1', NULL, NULL, NULL, NULL, 'jayana', 'Get section search list.', NULL, NULL),
	(355, 'ADMIN', 'SCSC', 'SUPPLIER', 'VIEW', '127.0.0.1', NULL, NULL, NULL, NULL, 'jayana', 'Get section search list.', NULL, NULL),
	(356, 'ADMIN', 'SCSC', 'SUPPLIER', 'VIEW', '127.0.0.1', NULL, NULL, NULL, NULL, 'jayana', 'Get section search list.', NULL, NULL),
	(357, 'ADMIN', 'SCSC', 'SUPPLIER', 'VIEW', '127.0.0.1', NULL, NULL, NULL, NULL, 'jayana', 'Get section search list.', NULL, NULL),
	(358, 'ADMIN', 'SCSC', 'SUPPLIER', 'VIEW', '127.0.0.1', NULL, NULL, NULL, NULL, 'jayana', 'Get section search list.', NULL, NULL),
	(359, 'ADMIN', 'SCSC', 'SUPPLIER', 'VIEW', '127.0.0.1', NULL, NULL, NULL, NULL, 'jayana', 'Get section search list.', NULL, NULL),
	(360, 'ADMIN', 'SCSC', 'SUPPLIER', 'VIEW', '127.0.0.1', NULL, NULL, NULL, NULL, 'jayana', 'Get section search list.', NULL, NULL),
	(361, 'ADMIN', 'SCSC', 'SUPPLIER', 'VIEW', '127.0.0.1', NULL, NULL, NULL, NULL, 'jayana', 'Get section search list.', NULL, NULL),
	(362, 'ADMIN', NULL, 'LGIN', 'LOGN', '127.0.0.1', 'Login successfully', NULL, NULL, NULL, 'jayana', NULL, NULL, NULL),
	(363, 'ADMIN', 'SCSC', 'SUPPLIER', 'VIEW', '127.0.0.1', NULL, NULL, NULL, NULL, 'jayana', 'Get section search list.', NULL, NULL),
	(364, 'ADMIN', NULL, 'LGIN', 'LOGN', '127.0.0.1', 'Login successfully', NULL, NULL, NULL, 'jayana', NULL, NULL, NULL),
	(365, 'ADMIN', 'SCSC', 'SUPPLIER', 'VIEW', '127.0.0.1', NULL, NULL, NULL, NULL, 'jayana', 'Get section search list.', NULL, NULL),
	(366, 'ADMIN', NULL, 'LGIN', 'LOGN', '127.0.0.1', 'Login successfully', NULL, NULL, NULL, 'jayana', NULL, NULL, NULL),
	(367, 'ADMIN', 'SCSC', 'SUPPLIER', 'VIEW', '127.0.0.1', NULL, NULL, NULL, NULL, 'jayana', 'Get section search list.', NULL, NULL),
	(368, 'ADMIN', 'SCSC', 'SUPPLIER', 'VIEW', '127.0.0.1', NULL, NULL, NULL, NULL, 'jayana', 'Get section search list.', NULL, NULL),
	(369, 'ADMIN', NULL, 'SCMT', 'DEL', '127.0.0.1', NULL, NULL, NULL, NULL, 'jayana', 'Supplier (Code: SUP-16562608164) deleted by jayana', NULL, NULL),
	(370, 'ADMIN', 'SCSC', 'SUPPLIER', 'VIEW', '127.0.0.1', NULL, NULL, NULL, NULL, 'jayana', 'Get section search list.', NULL, NULL),
	(371, 'ADMIN', 'SCSC', 'SUPPLIER', 'VIEW', '127.0.0.1', NULL, NULL, NULL, NULL, 'jayana', 'Get section search list.', NULL, NULL),
	(372, 'ADMIN', NULL, 'SCMT', 'DEL', '127.0.0.1', NULL, NULL, NULL, NULL, 'jayana', 'Supplier (Code: SUP-16562608475) deleted by jayana', NULL, NULL),
	(373, 'ADMIN', 'SCSC', 'SUPPLIER', 'VIEW', '127.0.0.1', NULL, NULL, NULL, NULL, 'jayana', 'Get section search list.', NULL, NULL),
	(374, 'ADMIN', 'SCSC', 'SUPPLIER', 'VIEW', '127.0.0.1', NULL, NULL, NULL, NULL, 'jayana', 'Get section search list.', NULL, NULL),
	(375, 'ADMIN', 'SCSC', 'SUPPLIER', 'VIEW', '127.0.0.1', NULL, NULL, NULL, NULL, 'jayana', 'Get section search list.', NULL, NULL),
	(376, 'ADMIN', NULL, 'LGIN', 'LOGN', '127.0.0.1', 'Login successfully', NULL, NULL, NULL, 'jayana', NULL, NULL, NULL),
	(377, 'ADMIN', 'SCSC', 'SUPPLIER', 'VIEW', '127.0.0.1', NULL, NULL, NULL, NULL, 'jayana', 'Get section search list.', NULL, NULL),
	(378, 'ADMIN', 'SCSC', 'SUPPLIER', 'VIEW', '127.0.0.1', NULL, NULL, NULL, NULL, 'jayana', 'Get section search list.', NULL, NULL),
	(379, 'ADMIN', 'SCSC', 'SUPPLIER', 'VIEW', '127.0.0.1', NULL, NULL, NULL, NULL, 'jayana', 'Get section search list.', NULL, NULL),
	(380, 'ADMIN', 'SCSC', 'SUPPLIER', 'VIEW', '127.0.0.1', NULL, NULL, NULL, NULL, 'jayana', 'Get section search list.', NULL, NULL),
	(381, 'ADMIN', 'SCSC', 'SUPPLIER', 'VIEW', '127.0.0.1', NULL, NULL, NULL, NULL, 'jayana', 'Get section search list.', NULL, NULL),
	(382, 'ADMIN', 'SCSC', 'SUPPLIER', 'VIEW', '127.0.0.1', NULL, NULL, NULL, NULL, 'jayana', 'Get section search list.', NULL, NULL),
	(383, 'ADMIN', 'SCSC', 'SUPPLIER', 'VIEW', '127.0.0.1', NULL, NULL, NULL, NULL, 'jayana', 'Get section search list.', NULL, NULL),
	(384, 'ADMIN', 'SCSC', 'SUPPLIER', 'VIEW', '127.0.0.1', NULL, NULL, NULL, NULL, 'jayana', 'Get section search list.', NULL, NULL),
	(385, 'ADMIN', 'SCSC', 'SUPPLIER', 'VIEW', '127.0.0.1', NULL, NULL, NULL, NULL, 'jayana', 'Get section search list.', NULL, NULL),
	(386, 'ADMIN', 'SCSC', 'SUPPLIER', 'VIEW', '127.0.0.1', NULL, NULL, NULL, NULL, 'jayana', 'Get section search list.', NULL, NULL),
	(387, 'ADMIN', 'SCSC', 'SUPPLIER', 'VIEW', '127.0.0.1', NULL, NULL, NULL, NULL, 'jayana', 'Get section search list.', NULL, NULL),
	(388, 'ADMIN', 'SCSC', 'SUPPLIER', 'VIEW', '127.0.0.1', NULL, NULL, NULL, NULL, 'jayana', 'Get section search list.', NULL, NULL),
	(389, 'ADMIN', 'SCSC', 'SUPPLIER', 'VIEW', '127.0.0.1', NULL, NULL, NULL, NULL, 'jayana', 'Get section search list.', NULL, NULL),
	(390, 'ADMIN', 'SCSC', 'SUPPLIER', 'VIEW', '127.0.0.1', NULL, NULL, NULL, NULL, 'jayana', 'Get section search list.', NULL, NULL),
	(391, 'ADMIN', 'SCSC', 'SUPPLIER', 'VIEW', '127.0.0.1', NULL, NULL, NULL, NULL, 'jayana', 'Get section search list.', NULL, NULL),
	(392, 'ADMIN', NULL, 'LGIN', 'LOGN', '127.0.0.1', 'Login successfully', NULL, NULL, NULL, 'jayana', NULL, NULL, NULL),
	(393, 'ADMIN', 'SCSC', 'SUPPLIER', 'VIEW', '127.0.0.1', NULL, NULL, NULL, NULL, 'jayana', 'Get section search list.', NULL, NULL),
	(394, 'ADMIN', 'SCSC', 'SUPPLIER', 'VIEW', '127.0.0.1', NULL, NULL, NULL, NULL, 'jayana', 'Get section search list.', NULL, NULL),
	(395, 'ADMIN', NULL, 'LGIN', 'LOGN', '127.0.0.1', 'Login successfully', NULL, NULL, NULL, 'jayana', NULL, NULL, NULL),
	(396, 'ADMIN', 'SCSC', 'SUPPLIER', 'VIEW', '127.0.0.1', NULL, NULL, NULL, NULL, 'jayana', 'Get section search list.', NULL, NULL),
	(397, 'ADMIN', NULL, 'LGIN', 'LOGN', '127.0.0.1', 'Login successfully', NULL, NULL, NULL, 'jayana', NULL, NULL, NULL),
	(398, 'ADMIN', 'SCSC', 'SUPPLIER', 'VIEW', '127.0.0.1', NULL, NULL, NULL, NULL, 'jayana', 'Get section search list.', NULL, NULL),
	(399, 'ADMIN', 'SCSC', 'SUPPLIER', 'VIEW', '127.0.0.1', NULL, NULL, NULL, NULL, 'jayana', 'Get section search list.', NULL, NULL),
	(400, 'ADMIN', NULL, 'LGIN', 'LOGN', '127.0.0.1', 'Login successfully', NULL, NULL, NULL, 'dilanka', NULL, NULL, NULL),
	(401, 'ADMIN', 'SCSC', 'SUPPLIER', 'VIEW', '127.0.0.1', NULL, NULL, NULL, NULL, 'dilanka', 'Get section search list.', NULL, NULL),
	(402, 'ADMIN', 'SCSC', 'SUPPLIER', 'VIEW', '127.0.0.1', NULL, NULL, NULL, NULL, 'dilanka', 'Get section search list.', NULL, NULL),
	(403, 'ADMIN', 'SCSC', 'SUPPLIER', 'VIEW', '127.0.0.1', NULL, NULL, NULL, NULL, 'dilanka', 'Get section search list.', NULL, NULL),
	(404, 'ADMIN', NULL, 'SCMT', 'DEL', '127.0.0.1', NULL, NULL, NULL, NULL, 'dilanka', 'Supplier (Code: SUP-0001) deleted by dilanka', NULL, NULL),
	(405, 'ADMIN', 'SCSC', 'SUPPLIER', 'VIEW', '127.0.0.1', NULL, NULL, NULL, NULL, 'dilanka', 'Get section search list.', NULL, NULL),
	(406, 'ADMIN', NULL, 'SCMT', 'DEL', '127.0.0.1', NULL, NULL, NULL, NULL, 'dilanka', 'Supplier (Code: SUP-0003) deleted by dilanka', NULL, NULL),
	(407, 'ADMIN', 'SCSC', 'SUPPLIER', 'VIEW', '127.0.0.1', NULL, NULL, NULL, NULL, 'dilanka', 'Get section search list.', NULL, NULL),
	(408, 'ADMIN', 'SCSC', 'SUPPLIER', 'VIEW', '127.0.0.1', NULL, NULL, NULL, NULL, 'dilanka', 'Get section search list.', NULL, NULL),
	(409, 'ADMIN', 'SCSC', 'SUPPLIER', 'VIEW', '127.0.0.1', NULL, NULL, NULL, NULL, 'dilanka', 'Get section search list.', NULL, NULL),
	(410, 'ADMIN', 'SCSC', 'SUPPLIER', 'VIEW', '127.0.0.1', NULL, NULL, NULL, NULL, 'dilanka', 'Get section search list.', NULL, NULL),
	(411, 'ADMIN', 'SCSC', 'SUPPLIER', 'VIEW', '127.0.0.1', NULL, NULL, NULL, NULL, 'dilanka', 'Get section search list.', NULL, NULL),
	(412, 'ADMIN', 'SCSC', 'SUPPLIER', 'VIEW', '127.0.0.1', NULL, NULL, NULL, NULL, 'dilanka', 'Get section search list.', NULL, NULL),
	(413, 'ADMIN', 'SCSC', 'SUPPLIER', 'VIEW', '127.0.0.1', NULL, NULL, NULL, NULL, 'dilanka', 'Get section search list.', NULL, NULL),
	(414, 'ADMIN', 'SCSC', 'SUPPLIER', 'VIEW', '127.0.0.1', NULL, NULL, NULL, NULL, 'dilanka', 'Get section search list.', NULL, NULL),
	(415, 'ADMIN', 'SCSC', 'SUPPLIER', 'VIEW', '127.0.0.1', NULL, NULL, NULL, NULL, 'dilanka', 'Get section search list.', NULL, NULL),
	(416, 'ADMIN', 'SCSC', 'SUPPLIER', 'VIEW', '127.0.0.1', NULL, NULL, NULL, NULL, 'dilanka', 'Get section search list.', NULL, NULL),
	(417, 'ADMIN', 'SCSC', 'SUPPLIER', 'VIEW', '127.0.0.1', NULL, NULL, NULL, NULL, 'dilanka', 'Get section search list.', NULL, NULL),
	(418, 'ADMIN', 'SCSC', 'SUPPLIER', 'VIEW', '127.0.0.1', NULL, NULL, NULL, NULL, 'dilanka', 'Get section search list.', NULL, NULL),
	(419, 'ADMIN', 'SCSC', 'SUPPLIER', 'VIEW', '127.0.0.1', NULL, NULL, NULL, NULL, 'dilanka', 'Get section search list.', NULL, NULL),
	(420, 'ADMIN', 'SCSC', 'SUPPLIER', 'VIEW', '127.0.0.1', NULL, NULL, NULL, NULL, 'dilanka', 'Get section search list.', NULL, NULL),
	(421, 'ADMIN', 'SCSC', 'SUPPLIER', 'VIEW', '127.0.0.1', NULL, NULL, NULL, NULL, 'dilanka', 'Get section search list.', NULL, NULL),
	(422, 'ADMIN', 'SCSC', 'SUPPLIER', 'VIEW', '127.0.0.1', NULL, NULL, NULL, NULL, 'dilanka', 'Get section search list.', NULL, NULL),
	(423, 'ADMIN', 'SCSC', 'SUPPLIER', 'VIEW', '127.0.0.1', NULL, NULL, NULL, NULL, 'dilanka', 'Get section search list.', NULL, NULL),
	(424, 'ADMIN', 'SCSC', 'SUPPLIER', 'VIEW', '127.0.0.1', NULL, NULL, NULL, NULL, 'dilanka', 'Get section search list.', NULL, NULL),
	(425, 'ADMIN', 'SCSC', 'SUPPLIER', 'VIEW', '127.0.0.1', NULL, NULL, NULL, NULL, 'dilanka', 'Get section search list.', NULL, NULL),
	(426, 'ADMIN', 'SCSC', 'SUPPLIER', 'VIEW', '127.0.0.1', NULL, NULL, NULL, NULL, 'dilanka', 'Get section search list.', NULL, NULL),
	(427, 'ADMIN', 'SCSC', 'SUPPLIER', 'VIEW', '127.0.0.1', NULL, NULL, NULL, NULL, 'dilanka', 'Get section search list.', NULL, NULL),
	(428, 'ADMIN', 'SCSC', 'SUPPLIER', 'VIEW', '127.0.0.1', NULL, NULL, NULL, NULL, 'dilanka', 'Get section search list.', NULL, NULL),
	(429, 'ADMIN', 'SCSC', 'SUPPLIER', 'VIEW', '127.0.0.1', NULL, NULL, NULL, NULL, 'dilanka', 'Get section search list.', NULL, NULL),
	(430, 'ADMIN', 'SCSC', 'SUPPLIER', 'VIEW', '127.0.0.1', NULL, NULL, NULL, NULL, 'dilanka', 'Get section search list.', NULL, NULL),
	(431, 'ADMIN', 'SCSC', 'SUPPLIER', 'VIEW', '127.0.0.1', NULL, NULL, NULL, NULL, 'dilanka', 'Get section search list.', NULL, NULL),
	(432, 'ADMIN', 'SCSC', 'SUPPLIER', 'VIEW', '127.0.0.1', NULL, NULL, NULL, NULL, 'dilanka', 'Get section search list.', NULL, NULL),
	(433, 'ADMIN', 'SCSC', 'SUPPLIER', 'VIEW', '127.0.0.1', NULL, NULL, NULL, NULL, 'dilanka', 'Get section search list.', NULL, NULL),
	(434, 'ADMIN', NULL, 'SCMT', 'DEL', '127.0.0.1', NULL, NULL, NULL, NULL, 'dilanka', 'Supplier (Code: SUP-0002) deleted by dilanka', NULL, NULL),
	(435, 'ADMIN', 'SCSC', 'SUPPLIER', 'VIEW', '127.0.0.1', NULL, NULL, NULL, NULL, 'dilanka', 'Get section search list.', NULL, NULL),
	(436, 'ADMIN', NULL, 'LGIN', 'LOGN', '127.0.0.1', 'Login successfully', NULL, NULL, NULL, 'dilanka', NULL, NULL, NULL),
	(437, 'ADMIN', 'SCSC', 'SUPPLIER', 'VIEW', '127.0.0.1', NULL, NULL, NULL, NULL, 'dilanka', 'Get section search list.', NULL, NULL),
	(438, 'ADMIN', 'SCSC', 'SUPPLIER', 'VIEW', '127.0.0.1', NULL, NULL, NULL, NULL, 'dilanka', 'Get section search list.', NULL, NULL),
	(439, 'ADMIN', 'SCSC', 'SUPPLIER', 'VIEW', '127.0.0.1', NULL, NULL, NULL, NULL, 'dilanka', 'Get section search list.', NULL, NULL),
	(440, 'ADMIN', 'SCSC', 'SUPPLIER', 'VIEW', '127.0.0.1', NULL, NULL, NULL, NULL, 'dilanka', 'Get section search list.', NULL, NULL),
	(441, 'ADMIN', 'SCSC', 'SUPPLIER', 'VIEW', '127.0.0.1', NULL, NULL, NULL, NULL, 'dilanka', 'Get section search list.', NULL, NULL),
	(442, 'ADMIN', 'SCSC', 'SUPPLIER', 'VIEW', '127.0.0.1', NULL, NULL, NULL, NULL, 'dilanka', 'Get section search list.', NULL, NULL),
	(443, 'ADMIN', NULL, 'LGIN', 'LOGN', '127.0.0.1', 'Login successfully', NULL, NULL, NULL, 'dilanka', NULL, NULL, NULL),
	(444, 'ADMIN', 'SCSC', 'SUPPLIER', 'VIEW', '127.0.0.1', NULL, NULL, NULL, NULL, 'dilanka', 'Get section search list.', NULL, NULL),
	(445, 'ADMIN', NULL, 'LGIN', 'LOGN', '127.0.0.1', 'Login successfully', NULL, NULL, NULL, 'dilanka', NULL, NULL, NULL),
	(446, 'ADMIN', 'SCSC', 'SUPPLIER', 'VIEW', '127.0.0.1', NULL, NULL, NULL, NULL, 'dilanka', 'Get section search list.', NULL, NULL),
	(447, 'ADMIN', 'SCSC', 'SUPPLIER', 'VIEW', '127.0.0.1', NULL, NULL, NULL, NULL, 'dilanka', 'Get section search list.', NULL, NULL),
	(448, 'ADMIN', NULL, 'LGIN', 'LOGN', '127.0.0.1', 'Login successfully', NULL, NULL, NULL, 'dilanka', NULL, NULL, NULL),
	(449, 'ADMIN', 'SCSC', 'SUPPLIER', 'VIEW', '127.0.0.1', NULL, NULL, NULL, NULL, 'dilanka', 'Get section search list.', NULL, NULL),
	(450, 'ADMIN', 'SCSC', 'SUPPLIER', 'VIEW', '127.0.0.1', NULL, NULL, NULL, NULL, 'dilanka', 'Get section search list.', NULL, NULL),
	(451, 'ADMIN', 'SCSC', 'SUPPLIER', 'VIEW', '127.0.0.1', NULL, NULL, NULL, NULL, 'dilanka', 'Get section search list.', NULL, NULL),
	(452, 'ADMIN', 'SCSC', 'SUPPLIER', 'VIEW', '127.0.0.1', NULL, NULL, NULL, NULL, 'dilanka', 'Get section search list.', NULL, NULL),
	(453, 'ADMIN', 'SCSC', 'SUPPLIER', 'VIEW', '127.0.0.1', NULL, NULL, NULL, NULL, 'dilanka', 'Get section search list.', NULL, NULL),
	(454, 'ADMIN', NULL, 'LGIN', 'LOGN', '127.0.0.1', 'Login successfully', NULL, NULL, NULL, 'dilanka', NULL, NULL, NULL),
	(455, 'ADMIN', 'SCSC', 'SUPPLIER', 'VIEW', '127.0.0.1', NULL, NULL, NULL, NULL, 'dilanka', 'Get section search list.', NULL, NULL),
	(456, 'ADMIN', 'SCSC', 'SUPPLIER', 'VIEW', '127.0.0.1', NULL, NULL, NULL, NULL, 'dilanka', 'Get section search list.', NULL, NULL),
	(457, 'ADMIN', 'SCSC', 'SUPPLIER', 'VIEW', '127.0.0.1', NULL, NULL, NULL, NULL, 'dilanka', 'Get section search list.', NULL, NULL),
	(458, 'ADMIN', 'SCSC', 'SUPPLIER', 'VIEW', '127.0.0.1', NULL, NULL, NULL, NULL, 'dilanka', 'Get section search list.', NULL, NULL),
	(459, 'ADMIN', NULL, 'LGIN', 'LOGN', '127.0.0.1', 'Login successfully', NULL, NULL, NULL, 'dilanka', NULL, NULL, NULL),
	(460, 'ADMIN', 'SCSC', 'SUPPLIER', 'VIEW', '127.0.0.1', NULL, NULL, NULL, NULL, 'dilanka', 'Get section search list.', NULL, NULL),
	(461, 'ADMIN', 'SCSC', 'SUPPLIER', 'VIEW', '127.0.0.1', NULL, NULL, NULL, NULL, 'dilanka', 'Get section search list.', NULL, NULL),
	(462, 'ADMIN', 'SCSC', 'SUPPLIER', 'VIEW', '127.0.0.1', NULL, NULL, NULL, NULL, 'dilanka', 'Get section search list.', NULL, NULL),
	(463, 'ADMIN', 'SCSC', 'SUPPLIER', 'VIEW', '127.0.0.1', NULL, NULL, NULL, NULL, 'dilanka', 'Get section search list.', NULL, NULL),
	(464, 'ADMIN', NULL, 'LGIN', 'LOGN', '127.0.0.1', 'Login successfully', NULL, NULL, NULL, 'dilanka', NULL, NULL, NULL),
	(465, 'ADMIN', 'SCSC', 'SUPPLIER', 'VIEW', '127.0.0.1', NULL, NULL, NULL, NULL, 'dilanka', 'Get section search list.', NULL, NULL),
	(466, 'ADMIN', NULL, 'LGIN', 'LOGN', '127.0.0.1', 'Login successfully', NULL, NULL, NULL, 'dilanka', NULL, NULL, NULL),
	(467, 'ADMIN', 'SCSC', 'SUPPLIER', 'VIEW', '127.0.0.1', NULL, NULL, NULL, NULL, 'dilanka', 'Get section search list.', NULL, NULL),
	(468, 'ADMIN', 'SCSC', 'SUPPLIER', 'VIEW', '127.0.0.1', NULL, NULL, NULL, NULL, 'dilanka', 'Get section search list.', NULL, NULL),
	(469, 'ADMIN', 'SCSC', 'SUPPLIER', 'VIEW', '127.0.0.1', NULL, NULL, NULL, NULL, 'dilanka', 'Get section search list.', NULL, NULL),
	(470, 'ADMIN', 'SCSC', 'SUPPLIER', 'VIEW', '127.0.0.1', NULL, NULL, NULL, NULL, 'dilanka', 'Get section search list.', NULL, NULL),
	(471, 'ADMIN', 'SCSC', 'SUPPLIER', 'VIEW', '127.0.0.1', NULL, NULL, NULL, NULL, 'dilanka', 'Get section search list.', NULL, NULL),
	(472, 'ADMIN', NULL, 'LGIN', 'LOGN', '127.0.0.1', 'Login successfully', NULL, NULL, NULL, 'dilanka', NULL, NULL, NULL),
	(473, 'ADMIN', 'SCSC', 'SUPPLIER', 'VIEW', '127.0.0.1', NULL, NULL, NULL, NULL, 'dilanka', 'Get section search list.', NULL, NULL),
	(474, 'ADMIN', 'SCSC', 'SUPPLIER', 'VIEW', '127.0.0.1', NULL, NULL, NULL, NULL, 'dilanka', 'Get section search list.', NULL, NULL),
	(475, 'ADMIN', 'SCSC', 'SUPPLIER', 'VIEW', '127.0.0.1', NULL, NULL, NULL, NULL, 'dilanka', 'Get section search list.', NULL, NULL),
	(476, 'ADMIN', NULL, 'LGIN', 'LOGN', '127.0.0.1', 'Login successfully', NULL, NULL, NULL, 'dilanka', NULL, NULL, NULL),
	(477, 'ADMIN', 'SCSC', 'SUPPLIER', 'VIEW', '127.0.0.1', NULL, NULL, NULL, NULL, 'dilanka', 'Get section search list.', NULL, NULL),
	(478, 'ADMIN', NULL, 'LGIN', 'LOGN', '127.0.0.1', 'Login successfully', NULL, NULL, NULL, 'dilanka', NULL, NULL, NULL),
	(479, 'ADMIN', 'SCSC', 'SUPPLIER', 'VIEW', '127.0.0.1', NULL, NULL, NULL, NULL, 'dilanka', 'Get section search list.', NULL, NULL),
	(480, 'ADMIN', 'SCSC', 'SUPPLIER', 'VIEW', '127.0.0.1', NULL, NULL, NULL, NULL, 'dilanka', 'Get section search list.', NULL, NULL),
	(481, 'ADMIN', 'SCSC', 'SUPPLIER', 'VIEW', '127.0.0.1', NULL, NULL, NULL, NULL, 'dilanka', 'Get section search list.', NULL, NULL),
	(482, 'ADMIN', NULL, 'LGIN', 'LOGN', '127.0.0.1', 'Login successfully', NULL, NULL, NULL, 'dilanka', NULL, NULL, NULL),
	(483, 'ADMIN', 'SCSC', 'SUPPLIER', 'VIEW', '127.0.0.1', NULL, NULL, NULL, NULL, 'dilanka', 'Get section search list.', NULL, NULL),
	(484, 'ADMIN', NULL, 'LGIN', 'LOGN', '127.0.0.1', 'Login successfully', NULL, NULL, NULL, 'dilanka', NULL, NULL, NULL),
	(485, 'ADMIN', 'SCSC', 'SUPPLIER', 'VIEW', '127.0.0.1', NULL, NULL, NULL, NULL, 'dilanka', 'Get section search list.', NULL, NULL),
	(486, 'ADMIN', NULL, 'LGIN', 'LOGN', '127.0.0.1', 'Login successfully', NULL, NULL, NULL, 'dilanka', NULL, NULL, NULL),
	(487, 'ADMIN', 'SCSC', 'SUPPLIER', 'VIEW', '127.0.0.1', NULL, NULL, NULL, NULL, 'dilanka', 'Get section search list.', NULL, NULL),
	(488, 'ADMIN', NULL, 'LGIN', 'LOGN', '127.0.0.1', 'Login successfully', NULL, NULL, NULL, 'dilanka', NULL, NULL, NULL),
	(489, 'ADMIN', NULL, 'LGIN', 'LOGN', '127.0.0.1', 'Login successfully', NULL, NULL, NULL, 'dilanka', NULL, NULL, NULL),
	(490, 'ADMIN', 'SCSC', 'SUPPLIER', 'VIEW', '127.0.0.1', NULL, NULL, NULL, NULL, 'dilanka', 'Get section search list.', NULL, NULL),
	(491, 'ADMIN', 'SCSC', 'SUPPLIER', 'VIEW', '127.0.0.1', NULL, NULL, NULL, NULL, 'dilanka', 'Get section search list.', NULL, NULL),
	(492, 'ADMIN', 'SCSC', 'SUPPLIER', 'VIEW', '127.0.0.1', NULL, NULL, NULL, NULL, 'dilanka', 'Get section search list.', NULL, NULL),
	(493, 'ADMIN', 'SCSC', 'SUPPLIER', 'VIEW', '127.0.0.1', NULL, NULL, NULL, NULL, 'dilanka', 'Get section search list.', NULL, NULL),
	(494, 'ADMIN', 'SCSC', 'SUPPLIER', 'VIEW', '127.0.0.1', NULL, NULL, NULL, NULL, 'dilanka', 'Get section search list.', NULL, NULL),
	(495, 'ADMIN', NULL, 'LGIN', 'LOGN', '127.0.0.1', 'Login successfully', NULL, NULL, NULL, 'dilanka', NULL, NULL, NULL),
	(496, 'ADMIN', 'SCSC', 'SUPPLIER', 'VIEW', '127.0.0.1', NULL, NULL, NULL, NULL, 'dilanka', 'Get section search list.', NULL, NULL),
	(497, 'ADMIN', NULL, 'LGIN', 'LOGN', '127.0.0.1', 'Login successfully', NULL, NULL, NULL, 'dilanka', NULL, NULL, NULL),
	(498, 'ADMIN', 'SCSC', 'SUPPLIER', 'VIEW', '127.0.0.1', NULL, NULL, NULL, NULL, 'dilanka', 'Get section search list.', NULL, NULL),
	(499, 'ADMIN', 'UMSC', 'TSMT', 'VIEW', '127.0.0.1', NULL, NULL, NULL, NULL, 'dilanka', 'Get Task search list.', NULL, NULL),
	(500, 'ADMIN', 'SCSC', 'SCMT', 'VIEW', '127.0.0.1', NULL, NULL, NULL, NULL, 'dilanka', 'Get section search list.', NULL, NULL),
	(501, 'ADMIN', NULL, 'LGIN', 'LOGN', '127.0.0.1', 'Login successfully', NULL, NULL, NULL, 'dilanka', NULL, NULL, NULL),
	(502, 'ADMIN', 'SCSC', 'SUPPLIER', 'VIEW', '127.0.0.1', NULL, NULL, NULL, NULL, 'dilanka', 'Get section search list.', NULL, NULL),
	(503, 'ADMIN', NULL, 'LGIN', 'LOGN', '127.0.0.1', 'Login successfully', NULL, NULL, NULL, 'dilanka', NULL, NULL, NULL),
	(504, 'ADMIN', 'SCSC', 'SUPPLIER', 'VIEW', '127.0.0.1', NULL, NULL, NULL, NULL, 'dilanka', 'Get section search list.', NULL, NULL),
	(505, 'ADMIN', 'SCSC', 'SUPPLIER', 'VIEW', '127.0.0.1', NULL, NULL, NULL, NULL, 'dilanka', 'Get section search list.', NULL, NULL),
	(506, 'ADMIN', 'SCSC', 'SUPPLIER', 'VIEW', '127.0.0.1', NULL, NULL, NULL, NULL, 'dilanka', 'Get section search list.', NULL, NULL),
	(507, 'ADMIN', 'SCSC', 'SUPPLIER', 'VIEW', '127.0.0.1', NULL, NULL, NULL, NULL, 'dilanka', 'Get section search list.', NULL, NULL),
	(508, 'ADMIN', 'SCSC', 'SUPPLIER', 'VIEW', '127.0.0.1', NULL, NULL, NULL, NULL, 'dilanka', 'Get section search list.', NULL, NULL),
	(509, 'ADMIN', 'SCSC', 'SUPPLIER', 'VIEW', '127.0.0.1', NULL, NULL, NULL, NULL, 'dilanka', 'Get section search list.', NULL, NULL),
	(510, 'ADMIN', 'SCSC', 'SUPPLIER', 'VIEW', '127.0.0.1', NULL, NULL, NULL, NULL, 'dilanka', 'Get section search list.', NULL, NULL),
	(511, 'ADMIN', 'SCSC', 'SUPPLIER', 'VIEW', '127.0.0.1', NULL, NULL, NULL, NULL, 'dilanka', 'Get section search list.', NULL, NULL),
	(512, 'ADMIN', 'SCSC', 'SUPPLIER', 'VIEW', '127.0.0.1', NULL, NULL, NULL, NULL, 'dilanka', 'Get section search list.', NULL, NULL),
	(513, 'ADMIN', NULL, 'LGIN', 'LOGN', '127.0.0.1', 'Login successfully', NULL, NULL, NULL, 'dilanka', NULL, NULL, NULL),
	(514, 'ADMIN', 'SCSC', 'SUPPLIER', 'VIEW', '127.0.0.1', NULL, NULL, NULL, NULL, 'dilanka', 'Get section search list.', NULL, NULL),
	(515, 'ADMIN', 'SCSC', 'SUPPLIER', 'ADD', '127.0.0.1', NULL, 'SupplierInputBean Supplier Code|Description|Status|Sort Key|Created Time|Last Updated Time|Last Updated User', NULL, NULL, 'dilanka', 'Supplier (code: SUP-16562738117) added by dilanka', NULL, NULL),
	(516, 'ADMIN', 'SCSC', 'SUPPLIER', 'VIEW', '127.0.0.1', NULL, NULL, NULL, NULL, 'dilanka', 'Get section search list.', NULL, NULL),
	(517, 'ADMIN', 'SCSC', 'SUPPLIER', 'VIEW', '127.0.0.1', NULL, NULL, NULL, NULL, 'dilanka', 'Get section search list.', NULL, NULL),
	(518, 'ADMIN', 'SCSC', 'SUPPLIER', 'VIEW', '127.0.0.1', NULL, NULL, NULL, NULL, 'dilanka', 'Get section search list.', NULL, NULL),
	(519, 'ADMIN', 'SCSC', 'SUPPLIER', 'VIEW', '127.0.0.1', NULL, NULL, NULL, NULL, 'dilanka', 'Get section search list.', NULL, NULL),
	(520, 'ADMIN', 'SCSC', 'SUPPLIER', 'VIEW', '127.0.0.1', NULL, NULL, NULL, NULL, 'dilanka', 'Get section search list.', NULL, NULL),
	(521, 'ADMIN', 'SCSC', 'SUPPLIER', 'VIEW', '127.0.0.1', NULL, NULL, NULL, NULL, 'dilanka', 'Get section search list.', NULL, NULL),
	(522, 'ADMIN', NULL, 'LGIN', 'LOGN', '127.0.0.1', 'Login successfully', NULL, NULL, NULL, 'dilanka', NULL, NULL, NULL),
	(523, 'ADMIN', 'SCSC', 'SUPPLIER', 'VIEW', '127.0.0.1', NULL, NULL, NULL, NULL, 'dilanka', 'Get section search list.', NULL, NULL),
	(524, 'ADMIN', NULL, 'LGIN', 'LOGN', '127.0.0.1', 'Login successfully', NULL, NULL, NULL, 'dilanka', NULL, NULL, NULL),
	(525, 'ADMIN', 'SCSC', 'SUPPLIER', 'VIEW', '127.0.0.1', NULL, NULL, NULL, NULL, 'dilanka', 'Get section search list.', NULL, NULL),
	(526, 'ADMIN', 'SCSC', 'SUPPLIER', 'VIEW', '127.0.0.1', NULL, NULL, NULL, NULL, 'dilanka', 'Get section search list.', NULL, NULL),
	(527, 'ADMIN', 'SCSC', 'SUPPLIER', 'VIEW', '127.0.0.1', NULL, NULL, NULL, NULL, 'dilanka', 'Get section search list.', NULL, NULL),
	(528, 'ADMIN', NULL, 'LGIN', 'LOGN', '127.0.0.1', 'Login successfully', NULL, NULL, NULL, 'dilanka', NULL, NULL, NULL),
	(529, 'ADMIN', 'SCSC', 'SUPPLIER', 'VIEW', '127.0.0.1', NULL, NULL, NULL, NULL, 'dilanka', 'Get section search list.', NULL, NULL),
	(530, 'ADMIN', 'UMSC', 'TSMT', 'VIEW', '127.0.0.1', NULL, NULL, NULL, NULL, 'dilanka', 'Get Task search list.', NULL, NULL),
	(531, 'ADMIN', 'SCSC', 'SUPPLIER', 'VIEW', '127.0.0.1', NULL, NULL, NULL, NULL, 'dilanka', 'Get section search list.', NULL, NULL),
	(532, 'ADMIN', NULL, 'LGIN', 'LOGN', '127.0.0.1', 'Login successfully', NULL, NULL, NULL, 'dilanka', NULL, NULL, NULL),
	(533, 'ADMIN', 'SCSC', 'SUPPLIER', 'VIEW', '127.0.0.1', NULL, NULL, NULL, NULL, 'dilanka', 'Get section search list.', NULL, NULL),
	(534, 'ADMIN', 'SCSC', 'SUPPLIER', 'UPDATE', '127.0.0.1', NULL, 'SupplierInputBean Supplier Code|Description|Status|Sort Key|Created Time|Last Updated Time|Last Updated User', 'LightYea|91871231|ACT|2022-06-26 00:00:00|2022-06-26 00:00:00|jayana', 'Light Years|91871231|ACT|--|2022-06-27 02:07:40|dilanka', 'dilanka', 'Supplier (code: SUP1656) updated by dilanka', NULL, NULL),
	(535, 'ADMIN', 'SCSC', 'SUPPLIER', 'VIEW', '127.0.0.1', NULL, NULL, NULL, NULL, 'dilanka', 'Get section search list.', NULL, NULL),
	(536, 'ADMIN', 'SCSC', 'SUPPLIER', 'VIEW', '127.0.0.1', NULL, NULL, NULL, NULL, 'dilanka', 'Get section search list.', NULL, NULL),
	(537, 'ADMIN', 'SCSC', 'SUPPLIER', 'VIEW', '127.0.0.1', NULL, NULL, NULL, NULL, 'dilanka', 'Get section search list.', NULL, NULL),
	(538, 'ADMIN', NULL, NULL, NULL, '127.0.0.1', NULL, NULL, NULL, NULL, 'dilanka', NULL, NULL, NULL),
	(539, 'ADMIN', 'SCSC', 'SUPPLIER', 'UPDATE', '127.0.0.1', NULL, 'SupplierInputBean Supplier Code|Description|Status|Sort Key|Created Time|Last Updated Time|Last Updated User', 'Light Years|91871231|ACT|2022-06-26 00:00:00|2022-06-27 00:00:00|dilanka', 'Light Yearss|91871231|ACT|--|2022-06-27 09:05:48|dilanka', 'dilanka', 'Supplier (code: SUP1656) updated by dilanka', NULL, NULL),
	(540, 'ADMIN', 'SCSC', 'SUPPLIER', 'VIEW', '127.0.0.1', NULL, NULL, NULL, NULL, 'dilanka', 'Get section search list.', NULL, NULL),
	(541, 'ADMIN', 'SCSC', 'SUPPLIER', 'VIEW', '127.0.0.1', NULL, NULL, NULL, NULL, 'dilanka', 'Get section search list.', NULL, NULL),
	(542, 'ADMIN', 'SCSC', 'SUPPLIER', 'VIEW', '127.0.0.1', NULL, NULL, NULL, NULL, 'dilanka', 'Get section search list.', NULL, NULL),
	(543, 'ADMIN', 'UMSC', 'TSMT', 'VIEW', '127.0.0.1', NULL, NULL, NULL, NULL, 'dilanka', 'Get Task search list.', NULL, NULL),
	(544, 'ADMIN', 'UMSC', 'URMT', 'VIEW', '127.0.0.1', NULL, NULL, NULL, NULL, 'dilanka', 'Get user role search list.', NULL, NULL),
	(545, 'ADMIN', 'UMSC', 'PGMT', 'VIEW', '127.0.0.1', NULL, NULL, NULL, NULL, 'dilanka', 'Get page search list.', NULL, NULL),
	(546, 'ADMIN', 'SCSC', 'SCMT', 'VIEW', '127.0.0.1', NULL, NULL, NULL, NULL, 'dilanka', 'Get section search list.', NULL, NULL),
	(547, 'ADMIN', 'UMSC', 'USMT', 'VIEW', '127.0.0.1', NULL, NULL, NULL, NULL, 'dilanka', 'Get system user search list.', NULL, NULL);
/*!40000 ALTER TABLE `web_systemaudit` ENABLE KEYS */;

CREATE TABLE IF NOT EXISTS `web_systemuser` (
  `USERNAME` varchar(64) NOT NULL,
  `PASSWORD` varchar(256) DEFAULT NULL,
  `USERROLE` varchar(16) DEFAULT NULL,
  `EXPIRYDATE` datetime DEFAULT NULL,
  `FULLNAME` varchar(256) DEFAULT NULL,
  `EMAIL` varchar(255) DEFAULT NULL,
  `MOBILE` varchar(16) DEFAULT NULL,
  `NOOFINVLIDATTEMPT` int(11) DEFAULT 0,
  `LOGGEDDATE` datetime DEFAULT NULL,
  `INITIALLOGINSTATUS` int(11) DEFAULT 0,
  `AD` int(11) DEFAULT 0,
  `STATUS` varchar(16) DEFAULT 'ACT',
  `NIC` varchar(16) DEFAULT NULL,
  `SERVICEID` varchar(16) DEFAULT NULL,
  `LASTUPDATEDUSER` varchar(255) DEFAULT NULL,
  `LASTUPDATEDTIME` datetime DEFAULT current_timestamp(),
  `CREATETIME` datetime DEFAULT current_timestamp(),
  `CREATEDUSER` varchar(64) DEFAULT NULL,
  PRIMARY KEY (`USERNAME`),
  KEY `WEB_SYSTEMUSER_USERROLE_FK` (`USERROLE`),
  KEY `WEB_SYSTEMUSER_STATUS_FK` (`STATUS`),
  CONSTRAINT `WEB_SYSTEMUSER_STATUS_FK` FOREIGN KEY (`STATUS`) REFERENCES `status` (`STATUSCODE`),
  CONSTRAINT `WEB_SYSTEMUSER_USERROLE_FK` FOREIGN KEY (`USERROLE`) REFERENCES `userrole` (`USERROLECODE`)
) ENGINE=InnoDB DEFAULT CHARSET=latin1;

/*!40000 ALTER TABLE `web_systemuser` DISABLE KEYS */;
INSERT INTO `web_systemuser` (`USERNAME`, `PASSWORD`, `USERROLE`, `EXPIRYDATE`, `FULLNAME`, `EMAIL`, `MOBILE`, `NOOFINVLIDATTEMPT`, `LOGGEDDATE`, `INITIALLOGINSTATUS`, `AD`, `STATUS`, `NIC`, `SERVICEID`, `LASTUPDATEDUSER`, `LASTUPDATEDTIME`, `CREATETIME`, `CREATEDUSER`) VALUES
	('admin', 'ca978112ca1bbdcafac231b39a23dc4da786eff8147c4e72b9807785afee48bb', 'ADMIN', '2030-12-09 12:36:01', 'Admin', 'admin@epiclanka.net', '0777123456', 0, '2022-06-25 18:09:12', 0, 0, 'ACT', '913410602V', '32423', 'admin', '2022-06-25 18:09:12', '2021-01-15 00:00:00', 'admin'),
	('dilanka', 'ca978112ca1bbdcafac231b39a23dc4da786eff8147c4e72b9807785afee48bb', 'ADMIN', '2030-12-09 12:36:01', 'Dilanka Wagachchi', 'dilanka_w@epiclanka.net', '0713535210', 0, '2022-06-27 02:07:01', 0, 0, 'ACT', '913410602V', '32423', 'dilanka', '2022-06-27 02:07:01', '2021-01-15 00:00:00', 'admin'),
	('jayana', 'ca978112ca1bbdcafac231b39a23dc4da786eff8147c4e72b9807785afee48bb', 'ADMIN', '2030-12-09 12:36:01', 'Jayana Illuwkatte', 'admin@dsa.lk', '2123123123', 0, '2022-06-26 22:56:29', 0, 0, 'ACT', '913410602V', '32423', 'dilanka', '2022-06-26 22:56:29', '2022-06-25 15:10:10', 'admin'),
	('rahul', 'ca978112ca1bbdcafac231b39a23dc4da786eff8147c4e72b9807785afee48bb', 'ADMIN', '2030-12-09 12:36:01', 'Rahul Satheesh', 'satheesh_m@epiclanka.net', '0777123456', 1, '2022-06-25 17:09:42', 0, 0, 'ACT', '913410602V', '32423', 'rahul', '2022-06-25 15:08:32', '2021-04-27 00:00:00', 'admin');
/*!40000 ALTER TABLE `web_systemuser` ENABLE KEYS */;

CREATE TABLE IF NOT EXISTS `web_task` (
  `TASKCODE` varchar(16) NOT NULL,
  `DESCRIPTION` varchar(32) DEFAULT NULL,
  `STATUS` varchar(16) DEFAULT NULL,
  `LASTUPDATEDUSER` varchar(64) DEFAULT NULL,
  `LASTUPDATEDTIME` datetime DEFAULT current_timestamp(),
  `CREATEDTIME` datetime DEFAULT current_timestamp(),
  `CREATEDUSER` varchar(64) DEFAULT NULL,
  PRIMARY KEY (`TASKCODE`),
  KEY `WEB_TASK_STATUS_FK` (`STATUS`),
  CONSTRAINT `WEB_TASK_STATUS_FK` FOREIGN KEY (`STATUS`) REFERENCES `status` (`STATUSCODE`)
) ENGINE=InnoDB DEFAULT CHARSET=latin1;

/*!40000 ALTER TABLE `web_task` DISABLE KEYS */;
INSERT INTO `web_task` (`TASKCODE`, `DESCRIPTION`, `STATUS`, `LASTUPDATEDUSER`, `LASTUPDATEDTIME`, `CREATEDTIME`, `CREATEDUSER`) VALUES
	('ADD', 'Add', 'ACT', 'shalika', '2021-02-02 00:00:00', '2021-01-12 00:00:00', 'admin'),
	('ASGNPAGE', 'Assign Page', 'ACT', 'admin', '2021-01-22 00:00:00', '2021-01-22 00:00:00', 'admin'),
	('ASGNTASK', 'Assign Task', 'ACT', 'admin', '2021-01-22 00:00:00', '2021-01-22 00:00:00', 'admin'),
	('BGBF', 'VDFVVDVFbh', 'ACT', 'admin', '2021-12-09 13:46:21', '2021-12-09 13:45:18', 'admin'),
	('CONF', 'Confirm', 'ACT', 'admin', '2021-01-12 00:00:00', '2021-01-12 00:00:00', 'admin'),
	('DDD', 'SavingsSQL', 'ACT', 'admin', '2021-10-22 00:00:00', '2021-10-22 00:00:00', NULL),
	('DEL', 'Delete', 'ACT', 'admin', '2021-01-12 00:00:00', '2021-01-12 00:00:00', 'admin'),
	('DIL', 'user role1', 'ACT', 'dilanka', '2021-11-25 16:49:48', '2021-11-25 16:47:59', NULL),
	('DT1', 'Task 11', 'RES', 'dilanka', '2022-06-25 19:46:49', '2021-12-10 09:22:41', 'dilanka'),
	('DWLD', 'Download', 'ACT', 'admin', '2021-01-12 00:00:00', '2021-01-12 00:00:00', 'admin'),
	('HOLD', 'hold', 'ACT', 'admin', '2021-04-06 00:00:00', '2021-04-06 00:00:00', 'admin'),
	('LGOT', 'Logout', 'ACT', 'admin', '2021-01-12 00:00:00', '2021-01-12 00:00:00', 'admin'),
	('LOGIN', 'Login', 'ACT', 'admin', '2021-01-22 00:00:00', '2021-01-22 00:00:00', 'admin'),
	('LOGN', 'Login', 'ACT', 'admin', '2021-01-12 00:00:00', '2021-01-12 00:00:00', 'admin'),
	('PRO', 'Process', 'ACT', 'admin', '2021-04-06 00:00:00', '2021-04-06 00:00:00', 'admin'),
	('REJT', 'Reject', 'ACT', 'admin', '2021-01-12 00:00:00', '2021-01-12 00:00:00', 'admin'),
	('SEND', 'Send 123', 'ACT', 'dilanka', '2021-04-21 00:00:00', '2021-04-06 00:00:00', 'admin'),
	('SRCH', 'Search', 'ACT', 'admin', '2021-01-12 00:00:00', '2021-01-12 00:00:00', 'admin'),
	('UPDATE', 'Update', 'ACT', 'admin', '2021-01-12 00:00:00', '2021-01-12 00:00:00', 'admin'),
	('VIEW', 'View', 'ACT', 'admin', '2021-01-12 00:00:00', '2021-01-12 00:00:00', 'admin');
/*!40000 ALTER TABLE `web_task` ENABLE KEYS */;

CREATE TABLE IF NOT EXISTS `web_tmpauthrec` (
  `ID` int(11) NOT NULL AUTO_INCREMENT,
  `PAGE` varchar(16) DEFAULT NULL,
  `TASK` varchar(16) DEFAULT NULL,
  `KEY1` varchar(300) DEFAULT NULL,
  `KEY2` varchar(300) DEFAULT NULL,
  `KEY3` varchar(300) DEFAULT NULL,
  `KEY4` varchar(300) DEFAULT NULL,
  `KEY5` varchar(300) DEFAULT NULL,
  `KEY6` varchar(300) DEFAULT NULL,
  `KEY7` varchar(300) DEFAULT NULL,
  `KEY8` varchar(300) DEFAULT NULL,
  `KEY9` varchar(300) DEFAULT NULL,
  `KEY10` varchar(300) DEFAULT NULL,
  `KEY11` varchar(300) DEFAULT NULL,
  `KEY12` varchar(300) DEFAULT NULL,
  `KEY13` varchar(300) DEFAULT NULL,
  `KEY14` varchar(300) DEFAULT NULL,
  `KEY15` varchar(300) DEFAULT NULL,
  `KEY16` varchar(300) DEFAULT NULL,
  `KEY17` varchar(300) DEFAULT NULL,
  `KEY18` varchar(300) DEFAULT NULL,
  `KEY19` varchar(300) DEFAULT NULL,
  `KEY20` varchar(300) DEFAULT NULL,
  `STATUS` varchar(16) DEFAULT NULL,
  `CREATEDTIME` datetime(6) DEFAULT NULL,
  `LASTUPDATEDTIME` datetime(6) DEFAULT NULL,
  `LASTUPDATEDUSER` varchar(64) DEFAULT NULL,
  `TMPRECORD` varchar(2048) DEFAULT NULL,
  PRIMARY KEY (`ID`),
  KEY `WEB_TMPAUTHREC_STATUS_FK` (`STATUS`),
  CONSTRAINT `WEB_TMPAUTHREC_STATUS_FK` FOREIGN KEY (`STATUS`) REFERENCES `status` (`STATUSCODE`)
) ENGINE=InnoDB AUTO_INCREMENT=382 DEFAULT CHARSET=latin1;

/*!40000 ALTER TABLE `web_tmpauthrec` DISABLE KEYS */;
/*!40000 ALTER TABLE `web_tmpauthrec` ENABLE KEYS */;

CREATE TABLE IF NOT EXISTS `web_userrolesection` (
  `USERROLE` varchar(16) NOT NULL,
  `SECTION` varchar(16) NOT NULL,
  `LASTUPDATEDUSER` varchar(64) DEFAULT NULL,
  `LASTUPDATEDTIME` datetime DEFAULT current_timestamp(),
  `CREATETIME` datetime DEFAULT current_timestamp(),
  PRIMARY KEY (`USERROLE`,`SECTION`),
  KEY `WEB_USERROLESECTION_SECTION` (`SECTION`),
  CONSTRAINT `WEB_USERROLESECTION_SECTION` FOREIGN KEY (`SECTION`) REFERENCES `web_section` (`SECTIONCODE`),
  CONSTRAINT `WEB_USERROLESECTION_USERROLE` FOREIGN KEY (`USERROLE`) REFERENCES `userrole` (`USERROLECODE`)
) ENGINE=InnoDB DEFAULT CHARSET=latin1;

/*!40000 ALTER TABLE `web_userrolesection` DISABLE KEYS */;
/*!40000 ALTER TABLE `web_userrolesection` ENABLE KEYS */;

/*!40101 SET SQL_MODE=IFNULL(@OLD_SQL_MODE, '') */;
/*!40014 SET FOREIGN_KEY_CHECKS=IF(@OLD_FOREIGN_KEY_CHECKS IS NULL, 1, @OLD_FOREIGN_KEY_CHECKS) */;
/*!40101 SET CHARACTER_SET_CLIENT=@OLD_CHARACTER_SET_CLIENT */;
